YUL,YYC,3004.83
YYC,YUL,3004.83
YUL,FRA,5854.63
FRA,YUL,5854.63
YUL,HEL,6168.58
HEL,YUL,6168.58
YUL,EWR,532.47
EWR,YUL,532.47
YUL,IAD,786.98
IAD,YUL,786.98
YUL,PHX,3506.78
PHX,YUL,3506.78
YUL,LYS,5866.02
LYS,YUL,5866.02
YUL,NCE,6129.04
NCE,YUL,6129.04
YUL,CDG,5524.21
CDG,YUL,5524.21
YUL,ATH,7632.12
ATH,YUL,7632.12
YUL,BAH,10260.15
BAH,YUL,10260.15
YUL,ISB,10606.1
ISB,YUL,10606.1
YUL,HND,10397.62
HND,YUL,10397.62
YUL,STV,11873.06
STV,YUL,11873.06
YUL,GAY,11915.41
GAY,YUL,11915.41
YUL,IXR,12078.7
IXR,YUL,12078.7
YUL,ATQ,10865.31
ATQ,YUL,10865.31
YUL,DEL,11271.94
DEL,YUL,11271.94
YUL,LPQ,12734.27
LPQ,YUL,12734.27
YUL,GOX,12466.91
GOX,YUL,12466.91
YUL,MAA,13006.32
MAA,YUL,13006.32
YUL,IXZ,13521.39
IXZ,YUL,13521.39
YVR,YYZ,3345.66
YYZ,YVR,3345.66
YVR,BER,8005.99
BER,YVR,8005.99
YVR,DEN,1789.55
DEN,YVR,1789.55
YVR,IAD,3763.03
IAD,YVR,3763.03
YVR,IAH,3169.37
IAH,YVR,3169.37
YVR,PHX,1980.53
PHX,YVR,1980.53
YVR,SAN,1896.71
SAN,YVR,1896.71
YVR,AGP,8721.36
AGP,YVR,8721.36
YVR,LYS,8335.9
LYS,YVR,8335.9
YVR,ATH,9800.72
ATH,YVR,9800.72
YVR,DWC,11775.01
DWC,YVR,11775.01
YVR,ISB,10679.0
ISB,YVR,10679.0
YVR,MNL,10554.11
MNL,YVR,10554.11
YVR,AMD,11827.18
AMD,YVR,11827.18
YVR,BOM,12258.11
BOM,YVR,12258.11
YVR,HSR,11932.56
HSR,YVR,11932.56
YVR,NAG,11895.38
NAG,YVR,11895.38
YVR,ISK,12124.14
ISK,YVR,12124.14
YVR,PNQ,12291.3
PNQ,YVR,12291.3
YVR,STV,12039.36
STV,YVR,12039.36
YVR,VNS,11321.96
VNS,YVR,11321.96
YVR,IMF,11008.16
IMF,YVR,11008.16
YVR,VTZ,12130.46
VTZ,YVR,12130.46
YVR,JAI,11354.55
JAI,YVR,11354.55
YVR,LKO,11238.04
LKO,YVR,11238.04
YVR,COK,13143.98
COK,YVR,13143.98
YYC,MUC,7812.73
MUC,YYC,7812.73
YYC,CPH,7170.22
CPH,YYC,7170.22
YYC,BOS,3364.98
BOS,YYC,3364.98
YYC,MSP,1687.6
MSP,YYC,1687.6
YYC,BUD,8184.77
BUD,YYC,8184.77
YYC,GVA,7767.83
GVA,YYC,7767.83
YYC,BAH,11279.3
BAH,YYC,11279.3
YYC,MED,11215.28
MED,YYC,11215.28
YYC,RUH,11346.85
RUH,YYC,11346.85
YYC,HND,7998.87
HND,YYC,7998.87
YYC,BDQ,11816.55
BDQ,YYC,11816.55
YYC,ISK,12055.97
ISK,YYC,12055.97
YYC,PNQ,12226.1
PNQ,YYC,12226.1
YYC,IXA,11315.65
IXA,YYC,11315.65
YYC,CCU,11522.24
CCU,YYC,11522.24
YYC,IMF,11145.64
IMF,YYC,11145.64
YYC,VTZ,12177.69
VTZ,YYC,12177.69
YYC,HKG,10604.76
HKG,YYC,10604.76
YYC,COK,13128.52
COK,YYC,13128.52
YYC,MEL,13885.77
MEL,YYC,13885.77
YYZ,TUN,7276.82
TUN,YYZ,7276.82
YYZ,BRU,6044.42
BRU,YYZ,6044.42
YYZ,MAN,5511.31
MAN,YYZ,5511.31
YYZ,ARN,6313.63
ARN,YYZ,6313.63
YYZ,CAI,9228.52
CAI,YYZ,9228.52
YYZ,ATL,1190.98
ATL,YYZ,1190.98
YYZ,DEN,2111.4
DEN,YYZ,2111.4
YYZ,DTW,343.95
DTW,YYZ,343.95
YYZ,IAD,556.5
IAD,YYZ,556.5
YYZ,LAX,3494.03
LAX,YYZ,3494.03
YYZ,SAN,3465.11
SAN,YYZ,3465.11
YYZ,BCN,6417.67
BCN,YYZ,6417.67
YYZ,MAD,6058.08
MAD,YYZ,6058.08
YYZ,MXP,6611.55
MXP,YYZ,6611.55
YYZ,FCO,7086.23
FCO,YYZ,7086.23
YYZ,MEX,3246.57
MEX,YYZ,3246.57
YYZ,PTY,3847.93
PTY,YYZ,3847.93
YYZ,MED,10232.65
MED,YYZ,10232.65
YYZ,RUH,10626.93
RUH,YYZ,10626.93
YYZ,DXB,11082.87
DXB,YYZ,11082.87
YYZ,KHI,11670.2
KHI,YYZ,11670.2
YYZ,HND,10346.0
HND,YYZ,10346.0
YYZ,ICN,10616.8
ICN,YYZ,10616.8
YYZ,GMP,10597.77
GMP,YYZ,10597.77
YYZ,BOM,12493.73
BOM,YYZ,12493.73
YYZ,NAG,12491.54
NAG,YYZ,12491.54
YYZ,CCU,12539.71
CCU,YYZ,12539.71
YYZ,IMF,12376.69
IMF,YYZ,12376.69
YYZ,LPQ,12942.91
LPQ,YYZ,12942.91
YYZ,CCJ,13437.97
CCJ,YYZ,13437.97
YYZ,GOX,12878.6
GOX,YYZ,12878.6
YYZ,HYD,12883.17
HYD,YYZ,12883.17
YYZ,IXZ,13815.6
IXZ,YYZ,13815.6
LOS,HAM,5266.64
HAM,LOS,5266.64
LOS,ATL,9395.42
ATL,LOS,9395.42
LOS,BOS,8229.64
BOS,LOS,8229.64
LOS,SEA,11995.5
SEA,LOS,11995.5
LOS,PRG,4945.78
PRG,LOS,4945.78
LOS,BEY,4483.84
BEY,LOS,4483.84
LOS,TPE,12440.36
TPE,LOS,12440.36
LOS,PUS,12677.13
PUS,LOS,12677.13
LOS,MNL,12757.39
MNL,LOS,12757.39
LOS,AMD,7608.33
AMD,LOS,7608.33
LOS,IDR,7931.64
IDR,LOS,7931.64
LOS,IXC,8055.85
IXC,LOS,8055.85
LOS,BLR,8156.39
BLR,LOS,8156.39
LOS,CJB,8098.24
CJB,LOS,8098.24
LOS,GOX,7731.98
GOX,LOS,7731.98
TUN,BRU,1627.47
BRU,TUN,1627.47
TUN,STN,1846.78
STN,TUN,1846.78
TUN,CPH,2094.81
CPH,TUN,2094.81
TUN,KRK,1657.59
KRK,TUN,1657.59
TUN,ATL,8211.85
ATL,TUN,8211.85
TUN,LAX,10515.26
LAX,TUN,10515.26
TUN,ATH,1216.7
ATH,TUN,1216.7
TUN,PRG,1508.24
PRG,TUN,1508.24
TUN,MEX,10325.03
MEX,TUN,10325.03
TUN,CUN,9221.89
CUN,TUN,9221.89
TUN,BAH,3972.86
BAH,TUN,3972.86
TUN,AUH,4424.05
AUH,TUN,4424.05
TUN,DXB,4445.21
DXB,TUN,4445.21
TUN,ISB,5596.44
ISB,TUN,5596.44
TUN,PEW,5465.55
PEW,TUN,5465.55
TUN,DOH,4110.44
DOH,TUN,4110.44
TUN,BDQ,6190.21
BDQ,TUN,6190.21
TUN,IXA,7680.8
IXA,TUN,7680.8
TUN,IMF,7856.17
IMF,TUN,7856.17
TUN,HKG,9672.82
HKG,TUN,9672.82
TUN,HWR,5964.33
HWR,TUN,5964.33
TUN,IXE,6903.16
IXE,TUN,6903.16
TUN,MAA,7370.26
MAA,TUN,7370.26
BRU,CPH,754.38
CPH,BRU,754.38
BRU,CPT,9538.72
CPT,BRU,9538.72
BRU,DTW,6380.45
DTW,BRU,6380.45
BRU,SAN,9105.72
SAN,BRU,9105.72
BRU,BCN,1083.78
BCN,BRU,1083.78
BRU,AGP,1735.48
AGP,BRU,1735.48
BRU,PRG,696.57
PRG,BRU,696.57
BRU,ZRH,483.42
ZRH,BRU,483.42
BRU,KWI,4325.63
KWI,BRU,4325.63
BRU,BEY,3139.29
BEY,BRU,3139.29
BRU,ISB,5723.59
ISB,BRU,5723.59
BRU,IDR,6773.45
IDR,BRU,6773.45
BRU,HWR,6128.48
HWR,BRU,6128.48
BRU,LKO,6804.81
LKO,BRU,6804.81
BRU,BLR,7699.32
BLR,BRU,7699.32
BRU,IXE,7523.29
IXE,BRU,7523.29
BRU,MAA,7889.32
MAA,BRU,7889.32
BRU,TRZ,7977.5
TRZ,BRU,7977.5
BRU,SIN,10555.34
SIN,BRU,10555.34
BER,FRA,431.24
FRA,BER,431.24
BER,HAM,274.2
HAM,BER,274.2
BER,DUS,477.81
DUS,BER,477.81
BER,HEL,1128.86
HEL,BER,1128.86
BER,BOS,6091.02
BOS,BER,6091.02
BER,EWR,6410.49
EWR,BER,6410.49
BER,IAH,8562.26
IAH,BER,8562.26
BER,LAX,9345.33
LAX,BER,9345.33
BER,MCO,7851.77
MCO,BER,7851.77
BER,SEA,8151.51
SEA,BER,8151.51
BER,SFO,9137.4
SFO,BER,9137.4
BER,PRG,256.87
PRG,BER,256.87
BER,ZRH,650.17
ZRH,BER,650.17
BER,KBL,4769.84
KBL,BER,4769.84
BER,BAH,4235.64
BAH,BER,4235.64
BER,AMM,2926.95
AMM,BER,2926.95
BER,BEY,2705.21
BEY,BER,2705.21
BER,NRT,8948.55
NRT,BER,8948.55
BER,KIX,8836.98
KIX,BER,8836.98
BER,HND,8942.64
HND,BER,8942.64
BER,PUS,8451.24
PUS,BER,8451.24
BER,RPR,6691.98
RPR,BER,6691.98
BER,RML,7817.85
RML,BER,7817.85
BER,IXA,7110.27
IXA,BER,7110.27
BER,IXB,6683.48
IXB,BER,6683.48
BER,DEL,5770.61
DEL,BER,5770.61
BER,VGA,7025.19
VGA,BER,7025.19
BER,CCJ,7175.33
CCJ,BER,7175.33
BER,GOX,6630.68
GOX,BER,6630.68
BER,TRZ,7390.1
TRZ,BER,7390.1
BER,TRV,7475.33
TRV,BER,7475.33
FRA,STN,618.11
STN,FRA,618.11
FRA,CPT,9392.76
CPT,FRA,9392.76
FRA,NBO,6316.47
NBO,FRA,6316.47
FRA,BOS,5889.16
BOS,FRA,5889.16
FRA,MCO,7619.29
MCO,FRA,7619.29
FRA,MIA,7762.64
MIA,FRA,7762.64
FRA,MSP,7049.35
MSP,FRA,7049.35
FRA,CDG,447.83
CDG,FRA,447.83
FRA,ZRH,285.62
ZRH,FRA,285.62
FRA,PTY,9089.44
PTY,FRA,9089.44
FRA,RUH,4292.89
RUH,FRA,4292.89
FRA,KWI,4021.35
KWI,FRA,4021.35
FRA,ISB,5449.21
ISB,FRA,5449.21
FRA,LHE,5708.29
LHE,FRA,5708.29
FRA,DOH,4588.09
DOH,FRA,4588.09
FRA,MNL,10298.38
MNL,FRA,10298.38
FRA,IXR,7116.35
IXR,FRA,7116.35
FRA,DEL,6121.81
DEL,FRA,6121.81
FRA,SIN,10280.19
SIN,FRA,10280.19
HAM,DUS,339.62
DUS,HAM,339.62
HAM,STN,683.79
STN,HAM,683.79
HAM,CAI,3132.57
CAI,HAM,3132.57
HAM,ATL,7329.99
ATL,HAM,7329.99
HAM,LAX,9086.59
LAX,HAM,9086.59
HAM,LGA,6113.05
LGA,HAM,6113.05
HAM,SFO,8886.71
SFO,HAM,8886.71
HAM,NCE,1127.16
NCE,HAM,1127.16
HAM,ORY,760.63
ORY,HAM,760.63
HAM,PRG,489.77
PRG,HAM,489.77
HAM,VIE,767.46
VIE,HAM,767.46
HAM,ZRH,693.8
ZRH,HAM,693.8
HAM,MED,4067.44
MED,HAM,4067.44
HAM,KWI,4088.73
KWI,HAM,4088.73
HAM,AUH,4912.68
AUH,HAM,4912.68
HAM,MCT,5209.83
MCT,HAM,5209.83
HAM,NRT,8991.45
NRT,HAM,8991.45
HAM,MNL,10034.97
MNL,HAM,10034.97
HAM,IMF,7424.8
IMF,HAM,7424.8
HAM,IXC,5814.17
IXC,HAM,5814.17
HAM,HWR,5731.76
HWR,HAM,5731.76
HAM,PKZ,9032.44
PKZ,HAM,9032.44
HAM,BLR,7366.68
BLR,HAM,7366.68
HAM,CJB,7517.54
CJB,HAM,7517.54
HAM,CCJ,7437.99
CCJ,HAM,7437.99
HAM,BKK,8836.24
BKK,HAM,8836.24
HAM,SYD,16279.31
SYD,HAM,16279.31
DUS,LGW,484.29
LGW,DUS,484.29
DUS,DUB,914.73
DUB,DUS,914.73
DUS,GDN,856.33
GDN,DUS,856.33
DUS,BOS,5717.38
BOS,DUS,5717.38
DUS,DFW,8076.27
DFW,DUS,8076.27
DUS,EWR,6038.78
EWR,DUS,6038.78
DUS,LAX,9133.12
LAX,DUS,9133.12
DUS,ZRH,445.09
ZRH,DUS,445.09
DUS,DXB,5005.77
DXB,DUS,5005.77
DUS,LHE,5821.36
LHE,DUS,5821.36
DUS,DOH,4755.34
DOH,DUS,4755.34
DUS,NRT,9330.74
NRT,DUS,9330.74
DUS,BBI,7513.37
BBI,DUS,7513.37
DUS,IXR,7226.46
IXR,DUS,7226.46
DUS,ATQ,5834.34
ATQ,DUS,5834.34
DUS,JAI,6284.25
JAI,DUS,6284.25
DUS,IXE,7371.46
IXE,DUS,7371.46
MUC,HEL,1574.64
HEL,MUC,1574.64
MUC,CPH,809.91
CPH,MUC,809.91
MUC,CAI,2623.65
CAI,MUC,2623.65
MUC,LAX,9615.8
LAX,MUC,9615.8
MUC,PHX,9348.21
PHX,MUC,9348.21
MUC,LYS,585.22
LYS,MUC,585.22
MUC,OPO,1790.26
OPO,MUC,1790.26
MUC,MEX,9844.79
MEX,MUC,9844.79
MUC,CUN,8887.43
CUN,MUC,8887.43
MUC,LHE,5489.28
LHE,MUC,5489.28
MUC,PUS,8837.25
PUS,MUC,8837.25
MUC,GMP,8510.42
GMP,MUC,8510.42
MUC,MNL,10165.07
MNL,MUC,10165.07
MUC,BOM,6312.17
BOM,MUC,6312.17
MUC,IDR,6242.26
IDR,MUC,6242.26
MUC,NAG,6608.47
NAG,MUC,6608.47
MUC,VNS,6555.31
VNS,MUC,6555.31
MUC,GAY,6762.78
GAY,MUC,6762.78
MUC,IMF,7414.96
IMF,MUC,7414.96
MUC,LKO,6311.73
LKO,MUC,6311.73
MUC,LPQ,8396.08
LPQ,MUC,8396.08
MUC,TRZ,7418.06
TRZ,MUC,7418.06
MUC,SIN,10058.43
SIN,MUC,10058.43
HEL,DUB,2022.41
DUB,HEL,2022.41
HEL,JNB,9618.4
JNB,HEL,9618.4
HEL,SAN,9107.14
SAN,HEL,9107.14
HEL,SFO,8723.87
SFO,HEL,8723.87
HEL,LIS,3363.94
LIS,HEL,3363.94
HEL,GVA,1990.72
GVA,HEL,1990.72
HEL,MED,4135.76
MED,HEL,4135.76
HEL,BEY,3043.83
BEY,HEL,3043.83
HEL,ICN,7032.05
ICN,HEL,7032.05
HEL,RML,7484.49
RML,HEL,7484.49
HEL,HKG,7809.41
HKG,HEL,7809.41
HEL,DED,5127.95
DED,HEL,5127.95
HEL,PKZ,8045.57
PKZ,HEL,8045.57
HEL,GOX,6304.43
GOX,HEL,6304.43
HEL,IXE,6631.5
IXE,HEL,6631.5
HEL,TRZ,7034.73
TRZ,HEL,7034.73
HEL,BKK,7907.81
BKK,HEL,7907.81
MAN,CPH,995.05
CPH,MAN,995.05
MAN,OSL,1111.52
OSL,MAN,1111.52
MAN,IAH,7569.97
IAH,MAN,7569.97
MAN,PHX,8239.81
PHX,MAN,8239.81
MAN,VIE,1443.33
VIE,MAN,1443.33
MAN,MEX,8722.09
MEX,MAN,8722.09
MAN,CUN,7793.69
CUN,MAN,7793.69
MAN,JED,4957.33
JED,MAN,4957.33
MAN,VNS,7452.11
VNS,MAN,7452.11
MAN,BBI,8090.88
BBI,MAN,8090.88
MAN,BLR,8171.37
BLR,MAN,8171.37
MAN,COK,8353.38
COK,MAN,8353.38
LGW,STN,86.89
STN,LGW,86.89
LGW,KRK,1409.75
KRK,LGW,1409.75
LGW,DFW,7660.4
DFW,LGW,7660.4
LGW,JFK,5569.09
JFK,LGW,5569.09
LGW,MCO,6991.75
MCO,LGW,6991.75
LGW,MSP,6478.84
MSP,LGW,6478.84
LGW,SFO,8655.11
SFO,LGW,8655.11
LGW,NCE,1000.88
NCE,LGW,1000.88
LGW,PRG,1023.98
PRG,LGW,1023.98
LGW,GVA,714.75
GVA,LGW,714.75
LGW,RUH,4911.17
RUH,LGW,4911.17
LGW,MNL,10770.99
MNL,LGW,10770.99
LGW,AMD,6848.95
AMD,LGW,6848.95
LGW,BOM,7193.49
BOM,LGW,7193.49
LGW,HSR,6794.65
HSR,LGW,6794.65
LGW,RPR,7637.08
RPR,LGW,7637.08
LGW,CCU,7974.2
CCU,LGW,7974.2
LGW,IXC,6531.8
IXC,LGW,6531.8
LGW,LKO,7122.28
LKO,LGW,7122.28
LGW,SXR,6141.06
SXR,LGW,6141.06
LGW,PKZ,9773.3
PKZ,LGW,9773.3
LGW,COK,8196.2
COK,LGW,8196.2
LGW,IXE,7851.02
IXE,LGW,7851.02
LGW,TIR,8117.83
TIR,LGW,8117.83
LGW,TRV,8375.87
TRV,LGW,8375.87
LGW,PER,14487.38
PER,LGW,14487.38
LHR,GDN,1304.87
GDN,LHR,1304.87
LHR,CPT,9681.93
CPT,LHR,9681.93
LHR,LYS,757.54
LYS,LHR,757.54
LHR,FCO,1444.08
FCO,LHR,1444.08
LHR,JED,4748.18
JED,LHR,4748.18
LHR,MED,4526.42
MED,LHR,4526.42
LHR,AUH,5515.75
AUH,LHR,5515.75
LHR,LHE,6315.2
LHE,LHR,6315.2
LHR,TPE,9783.48
TPE,LHR,9783.48
LHR,ICN,8861.13
ICN,LHR,8861.13
LHR,MNL,10767.04
MNL,LHR,10767.04
LHR,BOM,7212.9
BOM,LHR,7212.9
LHR,IDR,7114.67
IDR,LHR,7114.67
LHR,SAG,7267.05
SAG,LHR,7267.05
LHR,HKG,9630.4
HKG,LHR,9630.4
LHR,ATQ,6327.47
ATQ,LHR,6327.47
LHR,DEL,6731.47
DEL,LHR,6731.47
LHR,PKZ,9777.65
PKZ,LHR,9777.65
LHR,BLR,8046.45
BLR,LHR,8046.45
LHR,HYD,7754.03
HYD,LHR,7754.03
LHR,MAA,8234.81
MAA,LHR,8234.81
LHR,PER,14508.17
PER,LHR,14508.17
STN,CAI,3515.12
CAI,STN,3515.12
STN,LGA,5567.55
LGA,STN,5567.55
STN,BUD,1451.34
BUD,STN,1451.34
STN,GVA,759.34
GVA,STN,759.34
STN,CUN,7989.14
CUN,STN,7989.14
STN,RUH,4909.98
RUH,STN,4909.98
STN,DXB,5459.73
DXB,STN,5459.73
STN,BHO,7121.96
BHO,STN,7121.96
STN,SAG,7218.56
SAG,STN,7218.56
STN,RML,8701.59
RML,STN,8701.59
STN,VNS,7318.61
VNS,STN,7318.61
STN,CCJ,8057.41
CCJ,STN,8057.41
STN,GOX,7517.5
GOX,STN,7517.5
STN,MEL,16849.49
MEL,STN,16849.49
AMS,ATL,7065.79
ATL,AMS,7065.79
AMS,IAH,8049.29
IAH,AMS,8049.29
AMS,SEA,7840.15
SEA,AMS,7840.15
AMS,BCN,1241.14
BCN,AMS,1241.14
AMS,AGP,1883.66
AGP,AMS,1883.66
AMS,NCE,978.86
NCE,AMS,978.86
AMS,ORY,432.72
ORY,AMS,432.72
AMS,MED,4259.56
MED,AMS,4259.56
AMS,ISB,5684.26
ISB,AMS,5684.26
AMS,KHI,5985.5
KHI,AMS,5985.5
AMS,GMP,8559.58
GMP,AMS,8559.58
AMS,MNL,10413.06
MNL,AMS,10413.06
AMS,BDQ,6610.12
BDQ,AMS,6610.12
AMS,PNQ,6973.87
PNQ,AMS,6973.87
AMS,RPR,7285.35
RPR,AMS,7285.35
AMS,RML,8398.59
RML,AMS,8398.59
AMS,IXB,7270.25
IXB,AMS,7270.25
AMS,HKG,9274.15
HKG,AMS,9274.15
AMS,ATQ,5959.09
ATQ,AMS,5959.09
AMS,HWR,6090.53
HWR,AMS,6090.53
AMS,SXR,5782.2
SXR,AMS,5782.2
AMS,BLR,7693.52
BLR,AMS,7693.52
AMS,CJB,7837.56
CJB,AMS,7837.56
AMS,GOI,7242.78
GOI,AMS,7242.78
AMS,PER,14157.5
PER,AMS,14157.5
DUB,CPH,1240.78
CPH,DUB,1240.78
DUB,ORD,5895.49
ORD,DUB,5895.49
DUB,SAN,8363.17
SAN,DUB,8363.17
DUB,FCO,1885.97
FCO,DUB,1885.97
DUB,VIE,1702.09
VIE,DUB,1702.09
DUB,MEX,8465.33
MEX,DUB,8465.33
DUB,JED,5197.15
JED,DUB,5197.15
DUB,CCU,8304.2
CCU,DUB,8304.2
DUB,GAY,7900.68
GAY,DUB,7900.68
DUB,PAT,7836.29
PAT,DUB,7836.29
DUB,LKO,7468.58
LKO,DUB,7468.58
DUB,LPQ,9392.98
LPQ,DUB,9392.98
DUB,GOI,7987.26
GOI,DUB,7987.26
DUB,MEL,17195.93
MEL,DUB,17195.93
CPH,GDN,395.27
GDN,CPH,395.27
CPH,EWR,6207.18
EWR,CPH,6207.18
CPH,CDG,1003.84
CDG,CPH,1003.84
CPH,VIE,876.64
VIE,CPH,876.64
CPH,AUH,4853.72
AUH,CPH,4853.72
CPH,MCT,5136.01
MCT,CPH,5136.01
CPH,MNL,9787.6
MNL,CPH,9787.6
CPH,AMD,6038.86
AMD,CPH,6038.86
CPH,BDQ,6141.19
BDQ,CPH,6141.19
CPH,HSR,6003.19
HSR,CPH,6003.19
CPH,IMF,7219.8
IMF,CPH,7219.8
CPH,VTZ,7174.55
VTZ,CPH,7174.55
CPH,JAI,5907.98
JAI,CPH,5907.98
CPH,TIR,7316.33
TIR,CPH,7316.33
CPH,TRV,7632.22
TRV,CPH,7632.22
CPH,SIN,9967.64
SIN,CPH,9967.64
CPH,PER,13694.47
PER,CPH,13694.47
CPH,SYD,16042.59
SYD,CPH,16042.59
OSL,KRK,1250.58
KRK,OSL,1250.58
OSL,ATL,7099.4
ATL,OSL,7099.4
OSL,DFW,7788.2
DFW,OSL,7788.2
OSL,DTW,6263.5
DTW,OSL,6263.5
OSL,EWR,5933.36
EWR,OSL,5933.36
OSL,IAH,7987.44
IAH,OSL,7987.44
OSL,LYS,1656.7
LYS,OSL,1656.7
OSL,MEX,9195.58
MEX,OSL,9195.58
OSL,CUN,8416.26
CUN,OSL,8416.26
OSL,RUH,4770.1
RUH,OSL,4770.1
OSL,AMM,3656.48
AMM,OSL,3656.48
OSL,PEW,5168.28
PEW,OSL,5168.28
OSL,ICN,7668.51
ICN,OSL,7668.51
OSL,MNL,9666.96
MNL,OSL,9666.96
OSL,ISK,6585.12
ISK,OSL,6585.12
OSL,PNQ,6732.37
PNQ,OSL,6732.37
OSL,RPR,6910.69
RPR,OSL,6910.69
OSL,GAU,6993.64
GAU,OSL,6993.64
OSL,IXR,6907.97
IXR,OSL,6907.97
OSL,LKO,6342.71
LKO,OSL,6342.71
OSL,HYD,7104.72
HYD,OSL,7104.72
OSL,TRV,7869.26
TRV,OSL,7869.26
GDN,NBO,6421.55
NBO,GDN,6421.55
GDN,BOS,6284.52
BOS,GDN,6284.52
GDN,MIA,8239.87
MIA,GDN,8239.87
GDN,MRS,1549.67
MRS,GDN,1549.67
GDN,BUD,774.52
BUD,GDN,774.52
GDN,PRG,554.91
PRG,GDN,554.91
GDN,MEX,9902.05
MEX,GDN,9902.05
GDN,CUN,9060.89
CUN,GDN,9060.89
GDN,JED,4028.88
JED,GDN,4028.88
GDN,KHI,5147.03
KHI,GDN,5147.03
GDN,KIX,8442.94
KIX,GDN,8442.94
GDN,GMP,7727.18
GMP,GDN,7727.18
GDN,HSR,5609.37
HSR,GDN,5609.37
GDN,PNQ,6127.18
PNQ,GDN,6127.18
GDN,VNS,6092.12
VNS,GDN,6092.12
GDN,PKZ,8472.79
PKZ,GDN,8472.79
GDN,MAA,7021.27
MAA,GDN,7021.27
GDN,TRV,7237.02
TRV,GDN,7237.02
KRK,DEN,8641.34
DEN,KRK,8641.34
KRK,IAD,7252.03
IAD,KRK,7252.03
KRK,ORD,7606.65
ORD,KRK,7606.65
KRK,LYS,1194.89
LYS,KRK,1194.89
KRK,MRS,1329.58
MRS,KRK,1329.58
KRK,ORY,1266.83
ORY,KRK,1266.83
KRK,BUD,296.87
BUD,KRK,296.87
KRK,CUN,9346.01
CUN,KRK,9346.01
KRK,MED,3317.3
MED,KRK,3317.3
KRK,DXB,4108.53
DXB,KRK,4108.53
KRK,ICN,7929.21
ICN,KRK,7929.21
KRK,SAG,5839.82
SAG,KRK,5839.82
KRK,IXB,6265.87
IXB,KRK,6265.87
KRK,VTZ,6621.79
VTZ,KRK,6621.79
KRK,DEL,5321.04
DEL,KRK,5321.04
KRK,CJB,6763.97
CJB,KRK,6763.97
KRK,TIR,6709.22
TIR,KRK,6709.22
WAW,CAI,2597.01
CAI,WAW,2597.01
WAW,MIA,8490.41
MIA,WAW,8490.41
WAW,MSP,7529.62
MSP,WAW,7529.62
WAW,SEA,8402.15
SEA,WAW,8402.15
WAW,SFO,9418.34
SFO,WAW,9418.34
WAW,NCE,1390.48
NCE,WAW,1390.48
WAW,ATH,1599.06
ATH,WAW,1599.06
WAW,KWI,3379.88
KWI,WAW,3379.88
WAW,NRT,8612.9
NRT,WAW,8612.9
WAW,HSR,5375.02
HSR,WAW,5375.02
WAW,VNS,5905.21
VNS,WAW,5905.21
WAW,CJB,6766.19
CJB,WAW,6766.19
WAW,COK,6805.12
COK,WAW,6805.12
WAW,CNN,6591.0
CNN,WAW,6591.0
WAW,IXZ,7747.33
IXZ,WAW,7747.33
WAW,TRV,6989.83
TRV,WAW,6989.83
ARN,JNB,9586.1
JNB,ARN,9586.1
ARN,FCO,2022.21
FCO,ARN,2022.21
ARN,VIE,1286.01
VIE,ARN,1286.01
ARN,ZRH,1487.09
ZRH,ARN,1487.09
ARN,AUH,4833.19
AUH,ARN,4833.19
ARN,HND,8168.11
HND,ARN,8168.11
ARN,BBI,6838.5
BBI,ARN,6838.5
ARN,IXR,6524.2
IXR,ARN,6524.2
ARN,VTZ,6934.68
VTZ,ARN,6934.68
ARN,ATQ,5169.05
ATQ,ARN,5169.05
ARN,IXC,5372.89
IXC,ARN,5372.89
ARN,SXR,4963.8
SXR,ARN,4963.8
ARN,VGA,6916.39
VGA,ARN,6916.39
ARN,CJB,7248.22
CJB,ARN,7248.22
CPT,ATL,13090.5
ATL,CPT,13090.5
CPT,DFW,14145.92
DFW,CPT,14145.92
CPT,LGA,12574.6
LGA,CPT,12574.6
CPT,MCO,12570.98
MCO,CPT,12570.98
CPT,PHX,15491.74
PHX,CPT,15491.74
CPT,SAN,15939.14
SAN,CPT,15939.14
CPT,ORY,9336.31
ORY,CPT,9336.31
CPT,AUH,7529.47
AUH,CPT,7529.47
CPT,PEW,9355.24
PEW,CPT,9355.24
CPT,MNL,12033.15
MNL,CPT,12033.15
CPT,AMD,8535.06
AMD,CPT,8535.06
CPT,BHO,8890.52
BHO,CPT,8890.52
CPT,HSR,8366.44
HSR,CPT,8366.44
CPT,RPR,9064.15
RPR,CPT,9064.15
CPT,STV,8385.32
STV,CPT,8385.32
CPT,IXA,10007.48
IXA,CPT,10007.48
CPT,GAY,9572.33
GAY,CPT,9572.33
CPT,PAT,9643.86
PAT,CPT,9643.86
CPT,IXR,9498.21
IXR,CPT,9498.21
CPT,SXR,9558.42
SXR,CPT,9558.42
CPT,PKZ,10687.01
PKZ,CPT,10687.01
CPT,BKK,10147.82
BKK,CPT,10147.82
JNB,SFO,16978.55
SFO,JNB,16978.55
JNB,LYS,8326.89
LYS,JNB,8326.89
JNB,MRS,8086.66
MRS,JNB,8086.66
JNB,VIE,8338.24
VIE,JNB,8338.24
JNB,PTY,12203.92
PTY,JNB,12203.92
JNB,TPE,11480.16
TPE,JNB,11480.16
JNB,NRT,13581.81
NRT,JNB,13581.81
JNB,ISK,7122.39
ISK,JNB,7122.39
JNB,STV,7114.65
STV,JNB,7114.65
JNB,IMF,9037.99
IMF,JNB,9037.99
JNB,ATQ,8108.73
ATQ,JNB,8108.73
JNB,SXR,8293.25
SXR,JNB,8293.25
JNB,HYD,7256.36
HYD,JNB,7256.36
CAI,MSP,9970.77
MSP,CAI,9970.77
CAI,MRS,2744.91
MRS,CAI,2744.91
CAI,CDG,3210.29
CDG,CAI,3210.29
CAI,PRG,2643.88
PRG,CAI,2643.88
CAI,VIE,2366.0
VIE,CAI,2366.0
CAI,ZRH,2744.73
ZRH,CAI,2744.73
CAI,BAH,1930.98
BAH,CAI,1930.98
CAI,DXB,2416.89
DXB,CAI,2416.89
CAI,ISB,3906.77
ISB,CAI,3906.77
CAI,NRT,9594.28
NRT,CAI,9594.28
CAI,BDQ,4237.15
BDQ,CAI,4237.15
CAI,STV,4240.56
STV,CAI,4240.56
CAI,RML,5674.77
RML,CAI,5674.77
CAI,IXA,5903.86
IXA,CAI,5903.86
CAI,SXR,4080.73
SXR,CAI,4080.73
CAI,VGA,5223.23
VGA,CAI,5223.23
CAI,GOX,4601.29
GOX,CAI,4601.29
CAI,BKK,7280.67
BKK,CAI,7280.67
NBO,IAH,14059.22
IAH,NBO,14059.22
NBO,LAX,15572.48
LAX,NBO,15572.48
NBO,MCO,12817.65
MCO,NBO,12817.65
NBO,JED,2568.83
JED,NBO,2568.83
NBO,RUH,3105.66
RUH,NBO,3105.66
NBO,ISB,5396.34
ISB,NBO,5396.34
NBO,KIX,10852.76
KIX,NBO,10852.76
NBO,GAU,6603.9
GAU,NBO,6603.9
NBO,VTZ,5491.84
VTZ,NBO,5491.84
NBO,ATQ,5421.16
ATQ,NBO,5421.16
NBO,IXC,5513.8
IXC,NBO,5513.8
NBO,DED,5598.33
DED,NBO,5598.33
NBO,HYD,4992.88
HYD,NBO,4992.88
NBO,PER,8896.61
PER,NBO,8896.61
NBO,SYD,12135.01
SYD,NBO,12135.01
ATL,IAD,859.03
IAD,ATL,859.03
ATL,LGA,1224.87
LGA,ATL,1224.87
ATL,SAN,3037.68
SAN,ATL,3037.68
ATL,ATH,9153.98
ATH,ATL,9153.98
ATL,CUN,1421.12
CUN,ATL,1421.12
ATL,BAH,11838.06
BAH,ATL,11838.06
ATL,JED,11442.58
JED,ATL,11442.58
ATL,DOH,11984.94
DOH,ATL,11984.94
ATL,PUS,11612.08
PUS,ATL,11612.08
ATL,NAG,13682.47
NAG,ATL,13682.47
ATL,SAG,13673.8
SAG,ATL,13673.8
ATL,VGA,14221.09
VGA,ATL,14221.09
ATL,CJB,14675.32
CJB,ATL,14675.32
ATL,PER,18102.39
PER,ATL,18102.39
BOS,DEN,2815.66
DEN,BOS,2815.66
BOS,DFW,2508.98
DFW,BOS,2508.98
BOS,IAH,2567.34
IAH,BOS,2567.34
BOS,PHX,3692.99
PHX,BOS,3692.99
BOS,SEA,4005.54
SEA,BOS,4005.54
BOS,CDG,5535.03
CDG,BOS,5535.03
BOS,ORY,5533.38
ORY,BOS,5533.38
BOS,PRG,6251.17
PRG,BOS,6251.17
BOS,LIS,5124.37
LIS,BOS,5124.37
BOS,HND,10803.8
HND,BOS,10803.8
BOS,PNQ,12343.49
PNQ,BOS,12343.49
BOS,SAG,12255.13
SAG,BOS,12255.13
BOS,GAU,12194.9
GAU,BOS,12194.9
BOS,ATQ,11068.57
ATQ,BOS,11068.57
BOS,HSS,11361.32
HSS,BOS,11361.32
BOS,MAA,13192.4
MAA,BOS,13192.4
DEN,IAD,2331.78
IAD,DEN,2331.78
DEN,IAH,1387.4
IAH,DEN,1387.4
DEN,MAD,8041.06
MAD,DEN,8041.06
DEN,MRS,8390.61
MRS,DEN,8390.61
DEN,NCE,8493.49
NCE,DEN,8493.49
DEN,KBL,11715.53
KBL,DEN,11715.53
DEN,ISB,11848.33
ISB,DEN,11848.33
DEN,NAG,13226.51
NAG,DEN,13226.51
DEN,CCU,12931.72
CCU,DEN,12931.72
DEN,HSS,12337.39
HSS,DEN,12337.39
DEN,SXR,11803.47
SXR,DEN,11803.47
DEN,CCJ,14344.22
CCJ,DEN,14344.22
DEN,IXE,14142.18
IXE,DEN,14142.18
DEN,MEL,14141.96
MEL,DEN,14141.96
DEN,SYD,13443.57
SYD,DEN,13443.57
DFW,SFO,2351.93
SFO,DFW,2351.93
DFW,CDG,7944.53
CDG,DFW,7944.53
DFW,OPO,7550.3
OPO,DFW,7550.3
DFW,MED,12153.64
MED,DFW,12153.64
DFW,AMM,11302.06
AMM,DFW,11302.06
DFW,KWI,12184.84
KWI,DFW,12184.84
DFW,KHI,13373.23
KHI,DFW,13373.23
DFW,TPE,12400.67
TPE,DFW,12400.67
DFW,KIX,10752.36
KIX,DFW,10752.36
DFW,HSR,13739.78
HSR,DFW,13739.78
DFW,IMF,13500.08
IMF,DFW,13500.08
DFW,BKK,14501.98
BKK,DFW,14501.98
DFW,MEL,14475.47
MEL,DFW,14475.47
DTW,LGA,805.19
LGA,DTW,805.19
DTW,MAD,6401.82
MAD,DTW,6401.82
DTW,LYS,6707.49
LYS,DTW,6707.49
DTW,MEX,2932.85
MEX,DTW,2932.85
DTW,DXB,11400.09
DXB,DTW,11400.09
DTW,LHE,11506.38
LHE,DTW,11506.38
DTW,DOH,11202.18
DOH,DTW,11202.18
DTW,PUS,10803.64
PUS,DTW,10803.64
DTW,IDR,12483.53
IDR,DTW,12483.53
DTW,IXA,12644.04
IXA,DTW,12644.04
DTW,GAY,12473.32
GAY,DTW,12473.32
DTW,IMF,12562.58
IMF,DTW,12562.58
DTW,PAT,12382.57
PAT,DTW,12382.57
DTW,IXR,12636.31
IXR,DTW,12636.31
EWR,SFO,4118.27
SFO,EWR,4118.27
EWR,AGP,5902.46
AGP,EWR,5902.46
EWR,MRS,6299.53
MRS,EWR,6299.53
EWR,BUD,7037.91
BUD,EWR,7037.91
EWR,MCT,11342.56
MCT,EWR,11342.56
EWR,LHE,11360.05
LHE,EWR,11360.05
EWR,KIX,11136.17
KIX,EWR,11136.17
EWR,HND,10855.19
HND,EWR,10855.19
EWR,GMP,11056.49
GMP,EWR,11056.49
EWR,BOM,12546.2
BOM,EWR,12546.2
EWR,IDR,12310.88
IDR,EWR,12310.88
EWR,IXB,12308.83
IXB,EWR,12308.83
EWR,BBI,12929.72
BBI,EWR,12929.72
EWR,PAT,12339.67
PAT,EWR,12339.67
EWR,CJB,13547.94
CJB,EWR,13547.94
EWR,GOX,12925.9
GOX,EWR,12925.9
EWR,CNN,13387.98
CNN,EWR,13387.98
EWR,MEL,16663.69
MEL,EWR,16663.69
EWR,SYD,15980.99
SYD,EWR,15980.99
IAD,IAH,1913.38
IAH,IAD,1913.38
IAD,MCO,1222.02
MCO,IAD,1222.02
IAD,MAD,6125.23
MAD,IAD,6125.23
IAD,LYS,6519.85
LYS,IAD,6519.85
IAD,ATH,8297.58
ATH,IAD,8297.58
IAD,MXP,6777.67
MXP,IAD,6777.67
IAD,GVA,6566.3
GVA,IAD,6566.3
IAD,NRT,10844.09
NRT,IAD,10844.09
IAD,ICN,11173.25
ICN,IAD,11173.25
IAD,MNL,13768.81
MNL,IAD,13768.81
IAD,HSR,12448.68
HSR,IAD,12448.68
IAD,STV,12651.2
STV,IAD,12651.2
IAD,CCU,13010.11
CCU,IAD,13010.11
IAD,PAT,12612.94
PAT,IAD,12612.94
IAD,COK,13921.95
COK,IAD,13921.95
IAD,GOX,13242.0
GOX,IAD,13242.0
IAD,TIR,13699.44
TIR,IAD,13699.44
IAD,SYD,15681.05
SYD,IAD,15681.05
IAH,SEA,3013.43
SEA,IAH,3013.43
IAH,BUD,9214.87
BUD,IAH,9214.87
IAH,MXP,8659.52
MXP,IAH,8659.52
IAH,OPO,7610.38
OPO,IAH,7610.38
IAH,GVA,8450.24
GVA,IAH,8450.24
IAH,PTY,2856.46
PTY,IAH,2856.46
IAH,KBL,12656.84
KBL,IAH,12656.84
IAH,HND,10724.83
HND,IAH,10724.83
IAH,PUS,11413.7
PUS,IAH,11413.7
IAH,AMD,13976.67
AMD,IAH,13976.67
IAH,STV,14191.76
STV,IAH,14191.76
IAH,BBI,14427.79
BBI,IAH,14427.79
IAH,GAU,13734.57
GAU,IAH,13734.57
IAH,IMF,13848.54
IMF,IAH,13848.54
IAH,HKG,13412.51
HKG,IAH,13412.51
IAH,ATQ,13076.5
ATQ,IAH,13076.5
IAH,DED,13288.99
DED,IAH,13288.99
IAH,TRZ,15439.76
TRZ,IAH,15439.76
IAH,TRV,15658.54
TRV,IAH,15658.54
IAH,SYD,13835.83
SYD,IAH,13835.83
JFK,MIA,1756.75
MIA,JFK,1756.75
JFK,BCN,6150.28
BCN,JFK,6150.28
JFK,MAD,5760.49
MAD,JFK,5760.49
JFK,AGP,5873.28
AGP,JFK,5873.28
JFK,BEY,9019.38
BEY,JFK,9019.38
JFK,PUS,11270.05
PUS,JFK,11270.05
JFK,BOM,12532.3
BOM,JFK,12532.3
JFK,BHO,12304.77
BHO,JFK,12304.77
JFK,ISK,12478.44
ISK,JFK,12478.44
JFK,RML,14090.54
RML,JFK,14090.54
JFK,CCU,12740.96
CCU,JFK,12740.96
JFK,IMF,12632.17
IMF,JFK,12632.17
JFK,IXC,11526.51
IXC,JFK,11526.51
JFK,HSS,11639.31
HSS,JFK,11639.31
JFK,SXR,11113.35
SXR,JFK,11113.35
JFK,GOI,12946.4
GOI,JFK,12946.4
LAX,SEA,1536.82
SEA,LAX,1536.82
LAX,BCN,9674.26
BCN,LAX,9674.26
LAX,LYS,9496.29
LYS,LAX,9496.29
LAX,PRG,9575.86
PRG,LAX,9575.86
LAX,BAH,13220.99
BAH,LAX,13220.99
LAX,KWI,12846.65
KWI,LAX,12846.65
LAX,KHI,13444.97
KHI,LAX,13444.97
LAX,PEW,12390.33
PEW,LAX,12390.33
LAX,IDR,13537.43
IDR,LAX,13537.43
LAX,PNQ,14030.3
PNQ,LAX,14030.3
LAX,SAG,13899.69
SAG,LAX,13899.69
LAX,VTZ,13829.59
VTZ,LAX,13829.59
LAX,ATQ,12585.0
ATQ,LAX,12585.0
LAX,MAA,14438.32
MAA,LAX,14438.32
LAX,IXZ,13971.54
IXZ,LAX,13971.54
LAX,PER,14996.45
PER,LAX,14996.45
LGA,PHX,3449.96
PHX,LGA,3449.96
LGA,DWC,11016.13
DWC,LGA,11016.13
LGA,MCT,11318.13
MCT,LGA,11318.13
LGA,ISB,11073.45
ISB,LGA,11073.45
LGA,ICN,11071.92
ICN,LGA,11071.92
LGA,AMD,12116.27
AMD,LGA,12116.27
LGA,IDR,12289.97
IDR,LGA,12289.97
LGA,SAG,12533.79
SAG,LGA,12533.79
LGA,VNS,12268.49
VNS,LGA,12268.49
LGA,PAT,12321.86
PAT,LGA,12321.86
LGA,VTZ,13093.38
VTZ,LGA,13093.38
LGA,DEL,11745.11
DEL,LGA,11745.11
LGA,GOX,12903.57
GOX,LGA,12903.57
LGA,SIN,15325.75
SIN,LGA,15325.75
LGA,SYD,16006.72
SYD,LGA,16006.72
MCO,PHX,2969.13
PHX,MCO,2969.13
MCO,SEA,4104.75
SEA,MCO,4104.75
MCO,MAD,7025.26
MAD,MCO,7025.26
MCO,CDG,7238.94
CDG,MCO,7238.94
MCO,OPO,6588.21
OPO,MCO,6588.21
MCO,ZRH,7714.16
ZRH,MCO,7714.16
MCO,KBL,12355.91
KBL,MCO,12355.91
MCO,JED,11541.62
JED,MCO,11541.62
MCO,KIX,12039.38
KIX,MCO,12039.38
MCO,ISK,13996.25
ISK,MCO,13996.25
MCO,SAG,14060.67
SAG,MCO,14060.67
MCO,IXB,13788.06
IXB,MCO,13788.06
MCO,GAU,13903.64
GAU,MCO,13903.64
MCO,PAT,13834.79
PAT,MCO,13834.79
MCO,IXC,13044.98
IXC,MCO,13044.98
MCO,JAI,13403.93
JAI,MCO,13403.93
MCO,PKZ,15111.36
PKZ,MCO,15111.36
MCO,IXE,14748.88
IXE,MCO,14748.88
MCO,IXZ,15513.64
IXZ,MCO,15513.64
MCO,TRV,15291.67
TRV,MCO,15291.67
MCO,MEL,15638.62
MEL,MCO,15638.62
MIA,ATH,9414.62
ATH,MIA,9414.62
MIA,VIE,8383.54
VIE,MIA,8383.54
MIA,OPO,6668.04
OPO,MIA,6668.04
MIA,ZRH,7844.89
ZRH,MIA,7844.89
MIA,MEX,2050.73
MEX,MIA,2050.73
MIA,BAH,12192.89
BAH,MIA,12192.89
MIA,BEY,10537.45
BEY,MIA,10537.45
MIA,NRT,11946.45
NRT,MIA,11946.45
MIA,KIX,12342.31
KIX,MIA,12342.31
MIA,ICN,12445.81
ICN,MIA,12445.81
MIA,AMD,13847.99
AMD,MIA,13847.99
MIA,BHO,14049.41
BHO,MIA,14049.41
MIA,SAG,14264.46
SAG,MIA,14264.46
MIA,BBI,14679.59
BBI,MIA,14679.59
MIA,CCU,14492.73
CCU,MIA,14492.73
MIA,HKG,14450.99
HKG,MIA,14450.99
MIA,MAA,15211.39
MAA,MIA,15211.39
MIA,TIR,15117.21
TIR,MIA,15117.21
MIA,BKK,15624.0
BKK,MIA,15624.0
MSP,SAN,2462.71
SAN,MSP,2462.71
MSP,SFO,2551.31
SFO,MSP,2551.31
MSP,BCN,7270.54
BCN,MSP,7270.54
MSP,LYS,7149.36
LYS,MSP,7149.36
MSP,MRS,7318.18
MRS,MSP,7318.18
MSP,PTY,4197.86
PTY,MSP,4197.86
MSP,MED,10939.35
MED,MSP,10939.35
MSP,HND,9603.53
HND,MSP,9603.53
MSP,SAG,12725.88
SAG,MSP,12725.88
MSP,STV,12539.74
STV,MSP,12539.74
MSP,GAY,12270.99
GAY,MSP,12270.99
MSP,VGA,13159.87
VGA,MSP,13159.87
MSP,GOX,13148.47
GOX,MSP,13148.47
MSP,TRZ,13774.94
TRZ,MSP,13774.94
ORD,LYS,7021.0
LYS,ORD,7021.0
ORD,MRS,7171.94
MRS,ORD,7171.94
ORD,AUH,11687.02
AUH,ORD,11687.02
ORD,KHI,12148.31
KHI,ORD,12148.31
ORD,GMP,10497.41
GMP,ORD,10497.41
ORD,ISK,12861.38
ISK,ORD,12861.38
ORD,SAG,12919.88
SAG,ORD,12919.88
ORD,VNS,12457.25
VNS,ORD,12457.25
ORD,BBI,13065.37
BBI,ORD,13065.37
ORD,VTZ,13314.24
VTZ,ORD,13314.24
ORD,HKG,12522.23
HKG,ORD,12522.23
ORD,LPQ,13056.46
LPQ,ORD,13056.46
ORD,COK,14001.2
COK,ORD,14001.2
ORD,SIN,15050.65
SIN,ORD,15050.65
ORD,MEL,15556.75
MEL,ORD,15556.75
PHX,LYS,9182.29
LYS,PHX,9182.29
PHX,ATH,10865.82
ATH,PHX,10865.82
PHX,GMP,10051.24
GMP,PHX,10051.24
PHX,MNL,12271.18
MNL,PHX,12271.18
PHX,STV,13928.43
STV,PHX,13928.43
PHX,VNS,13280.97
VNS,PHX,13280.97
PHX,VTZ,14101.18
VTZ,PHX,14101.18
PHX,DEL,13055.6
DEL,PHX,13055.6
PHX,COK,15087.48
COK,PHX,15087.48
PHX,IXE,14805.23
IXE,PHX,14805.23
PHX,IXZ,14359.45
IXZ,PHX,14359.45
PHX,TRV,15259.56
TRV,PHX,15259.56
PHX,SIN,14616.54
SIN,PHX,14616.54
PHX,PER,15562.87
PER,PHX,15562.87
SAN,PRG,9640.0
PRG,SAN,9640.0
SAN,JED,13463.68
JED,SAN,13463.68
SAN,AMM,12314.55
AMM,SAN,12314.55
SAN,DXB,13519.62
DXB,SAN,13519.62
SAN,DWC,13555.88
DWC,SAN,13555.88
SAN,DOH,13456.75
DOH,SAN,13456.75
SAN,GMP,9771.18
GMP,SAN,9771.18
SAN,MNL,11905.69
MNL,SAN,11905.69
SAN,BOM,14154.29
BOM,SAN,14154.29
SAN,NAG,13786.2
NAG,SAN,13786.2
SAN,IXR,13340.71
IXR,SAN,13340.71
SAN,ATQ,12739.57
ATQ,SAN,12739.57
SAN,HSS,12996.18
HSS,SAN,12996.18
SAN,HWR,12828.52
HWR,SAN,12828.52
SAN,LPQ,12821.57
LPQ,SAN,12821.57
SAN,PKZ,13002.67
PKZ,SAN,13002.67
SAN,CNN,14869.26
CNN,SAN,14869.26
SAN,TIR,14561.41
TIR,SAN,14561.41
SAN,SYD,12095.13
SYD,SAN,12095.13
SEA,MXP,8619.73
MXP,SEA,8619.73
SEA,GVA,8454.42
GVA,SEA,8454.42
SEA,MED,11808.56
MED,SEA,11808.56
SEA,DWC,11966.8
DWC,SEA,11966.8
SEA,MCT,12114.67
MCT,SEA,12114.67
SEA,ISB,10882.71
ISB,SEA,10882.71
SEA,SAG,12365.54
SAG,SEA,12365.54
SEA,CCU,11634.23
CCU,SEA,11634.23
SEA,PAT,11442.3
PAT,SEA,11442.3
SEA,HWR,11136.64
HWR,SEA,11136.64
SEA,LKO,11442.35
LKO,SEA,11442.35
SEA,IXE,13084.73
IXE,SEA,13084.73
SEA,TRV,13513.08
TRV,SEA,13513.08
SEA,SYD,12471.92
SYD,SEA,12471.92
SFO,ORY,8976.62
ORY,SFO,8976.62
SFO,FCO,10057.69
FCO,SFO,10057.69
SFO,KBL,11899.65
KBL,SFO,11899.65
SFO,BAH,12873.79
BAH,SFO,12873.79
SFO,NRT,8227.06
NRT,SFO,8227.06
SFO,ICN,9085.22
ICN,SFO,9085.22
SFO,GMP,9056.21
GMP,SFO,9056.21
SFO,AMD,13085.66
AMD,SFO,13085.66
SFO,IDR,13041.24
IDR,SFO,13041.24
SFO,ISK,13372.33
ISK,SFO,13372.33
SFO,IXB,12180.08
IXB,SFO,12180.08
SFO,GAY,12515.6
GAY,SFO,12515.6
SFO,LPQ,12102.96
LPQ,SFO,12102.96
SFO,VGA,13524.17
VGA,SFO,13524.17
SFO,CNN,14198.34
CNN,SFO,14198.34
SFO,MEL,12653.87
MEL,SFO,12653.87
SFO,PER,14734.41
PER,SFO,14734.41
BCN,LYS,549.0
LYS,BCN,549.0
BCN,OPO,898.66
OPO,BCN,898.66
BCN,GVA,637.45
GVA,BCN,637.45
BCN,AMM,3188.63
AMM,BCN,3188.63
BCN,BEY,3039.2
BEY,BCN,3039.2
BCN,BOM,7037.75
BOM,BCN,7037.75
BCN,RML,8490.07
RML,BCN,8490.07
BCN,DEL,6773.63
DEL,BCN,6773.63
BCN,HWR,6521.7
HWR,BCN,6521.7
BCN,LPQ,9363.36
LPQ,BCN,9363.36
BCN,CCJ,7850.27
CCJ,BCN,7850.27
BCN,GOX,7349.97
GOX,BCN,7349.97
BCN,HYD,7628.32
HYD,BCN,7628.32
BCN,TIR,7972.27
TIR,BCN,7972.27
BCN,PER,14165.83
PER,BCN,14165.83
MAD,OPO,437.65
OPO,MAD,437.65
MAD,PTY,8156.6
PTY,MAD,8156.6
MAD,AMM,3652.59
AMM,MAD,3652.59
MAD,GMP,9973.14
GMP,MAD,9973.14
MAD,IXB,8272.1
IXB,MAD,8272.1
MAD,HKG,10506.22
HKG,MAD,10506.22
MAD,SXR,6742.34
SXR,MAD,6742.34
MAD,BLR,8328.36
BLR,MAD,8328.36
AGP,NCE,1260.4
NCE,AGP,1260.4
AGP,BUD,2283.72
BUD,AGP,2283.72
AGP,GVA,1380.3
GVA,AGP,1380.3
AGP,ZRH,1607.35
ZRH,AGP,1607.35
AGP,MEX,9122.54
MEX,AGP,9122.54
AGP,NRT,11181.51
NRT,AGP,11181.51
AGP,HND,11177.26
HND,AGP,11177.26
AGP,GMP,10361.12
GMP,AGP,10361.12
AGP,BHO,7792.33
BHO,AGP,7792.33
AGP,GAU,8812.42
GAU,AGP,8812.42
AGP,IMF,9088.15
IMF,AGP,9088.15
AGP,HKG,10814.45
HKG,AGP,10814.45
AGP,IXC,7321.77
IXC,AGP,7321.77
AGP,DED,7463.95
DED,AGP,7463.95
AGP,IXZ,9869.46
IXZ,AGP,9869.46
LYS,CDG,411.93
CDG,LYS,411.93
LYS,KWI,4141.87
KWI,LYS,4141.87
LYS,KHI,5922.89
KHI,LYS,5922.89
LYS,LHE,6029.89
LHE,LYS,6029.89
LYS,TPE,9848.97
TPE,LYS,9848.97
LYS,NAG,7121.46
NAG,LYS,7121.46
LYS,ISK,6795.43
ISK,LYS,6795.43
LYS,RML,8286.7
RML,LYS,8286.7
LYS,IXA,7846.1
IXA,LYS,7846.1
LYS,DEL,6436.0
DEL,LYS,6436.0
LYS,SXR,5898.06
SXR,LYS,5898.06
LYS,PKZ,9612.7
PKZ,LYS,9612.7
LYS,VGA,7600.75
VGA,LYS,7600.75
LYS,COK,7754.03
COK,LYS,7754.03
LYS,HYD,7363.09
HYD,LYS,7363.09
LYS,MAA,7823.79
MAA,LYS,7823.79
LYS,BKK,9353.43
BKK,LYS,9353.43
LYS,PER,14027.25
PER,LYS,14027.25
MRS,BUD,1180.62
BUD,MRS,1180.62
MRS,OPO,1166.09
OPO,MRS,1166.09
MRS,LIS,1306.64
LIS,MRS,1306.64
MRS,AUH,4938.1
AUH,MRS,4938.1
MRS,KHI,5913.57
KHI,MRS,5913.57
MRS,DOH,4639.12
DOH,MRS,4639.12
MRS,MNL,10862.42
MNL,MRS,10862.42
MRS,IDR,6758.33
IDR,MRS,6758.33
MRS,SAG,6855.13
SAG,MRS,6855.13
MRS,RML,8250.94
RML,MRS,8250.94
MRS,VTZ,7709.48
VTZ,MRS,7709.48
MRS,JAI,6482.4
JAI,MRS,6482.4
MRS,CNN,7516.65
CNN,MRS,7516.65
MRS,IXE,7386.17
IXE,MRS,7386.17
MRS,SYD,16903.95
SYD,MRS,16903.95
NCE,PRG,893.47
PRG,NCE,893.47
NCE,MEX,9762.89
MEX,NCE,9762.89
NCE,CUN,8726.58
CUN,NCE,8726.58
NCE,MED,3631.12
MED,NCE,3631.12
NCE,AUH,4783.08
AUH,NCE,4783.08
NCE,AMD,6316.6
AMD,NCE,6316.6
NCE,IXB,7317.09
IXB,NCE,7317.09
NCE,CCU,7608.8
CCU,NCE,7608.8
NCE,PAT,7138.34
PAT,NCE,7138.34
NCE,IXR,7314.96
IXR,NCE,7314.96
NCE,LPQ,8878.31
LPQ,NCE,8878.31
NCE,COK,7560.39
COK,NCE,7560.39
NCE,TRZ,7699.37
TRZ,NCE,7699.37
NCE,BKK,9241.26
BKK,NCE,9241.26
CDG,BEY,3186.67
BEY,CDG,3186.67
CDG,LHE,6152.68
LHE,CDG,6152.68
CDG,TPE,9785.71
TPE,CDG,9785.71
CDG,NRT,9709.84
NRT,CDG,9709.84
CDG,HND,9707.56
HND,CDG,9707.56
CDG,ICN,8926.72
ICN,CDG,8926.72
CDG,SAG,7055.13
SAG,CDG,7055.13
CDG,PAT,7365.52
PAT,CDG,7365.52
CDG,DEL,6565.39
DEL,CDG,6565.39
CDG,SIN,10724.37
SIN,CDG,10724.37
CDG,SYD,16944.2
SYD,CDG,16944.2
ORY,PRG,873.34
PRG,ORY,873.34
ORY,AMM,3382.5
AMM,ORY,3382.5
ORY,DXB,5247.48
DXB,ORY,5247.48
ORY,KHI,6133.86
KHI,ORY,6133.86
ORY,DOH,4975.4
DOH,ORY,4975.4
ORY,HND,9741.35
HND,ORY,9741.35
ORY,ICN,8959.39
ICN,ORY,8959.39
ORY,AMD,6676.04
AMD,ORY,6676.04
ORY,SAG,7069.46
SAG,ORY,7069.46
ORY,CCU,7858.11
CCU,ORY,7858.11
ORY,GAU,7805.89
GAU,ORY,7805.89
ORY,IMF,8074.95
IMF,ORY,8074.95
ORY,VTZ,7874.96
VTZ,ORY,7874.96
ORY,HWR,6316.73
HWR,ORY,6316.73
ORY,VGA,7793.95
VGA,ORY,7793.95
ORY,CJB,7967.2
CJB,ORY,7967.2
ORY,CCJ,7878.89
CCJ,ORY,7878.89
ORY,TIR,7936.56
TIR,ORY,7936.56
ATH,BAH,2815.11
BAH,ATH,2815.11
ATH,JED,2321.61
JED,ATH,2321.61
ATH,KWI,2418.11
KWI,ATH,2418.11
ATH,BEY,1135.19
BEY,ATH,1135.19
ATH,LHE,4609.94
LHE,ATH,4609.94
ATH,TPE,8919.51
TPE,ATH,8919.51
ATH,NRT,9533.29
NRT,ATH,9533.29
ATH,GMP,8491.36
GMP,ATH,8491.36
ATH,MNL,9625.25
MNL,ATH,9625.25
ATH,BHO,5286.39
BHO,ATH,5286.39
ATH,SAG,5241.98
SAG,ATH,5241.98
ATH,STV,5012.74
STV,ATH,5012.74
ATH,CCU,6296.51
CCU,ATH,6296.51
ATH,IMF,6649.63
IMF,ATH,6649.63
ATH,PAT,5837.0
PAT,ATH,5837.0
ATH,DEL,4983.74
DEL,ATH,4983.74
ATH,SXR,4539.38
SXR,ATH,4539.38
ATH,HYD,5749.3
HYD,ATH,5749.3
ATH,CNN,5857.67
CNN,ATH,5857.67
ATH,TRV,6217.63
TRV,ATH,6217.63
ATH,BKK,7929.87
BKK,ATH,7929.87
ATH,PER,12277.91
PER,ATH,12277.91
BUD,KBL,4345.36
KBL,BUD,4345.36
BUD,MED,3118.29
MED,BUD,3118.29
BUD,DXB,4009.01
DXB,BUD,4009.01
BUD,ISB,4682.43
ISB,BUD,4682.43
BUD,BOM,5745.68
BOM,BUD,5745.68
BUD,PNQ,5863.04
PNQ,BUD,5863.04
BUD,VNS,6002.11
VNS,BUD,6002.11
BUD,IXC,5172.83
IXC,BUD,5172.83
BUD,HSS,5197.47
HSS,BUD,5197.47
BUD,TRZ,6852.11
TRZ,BUD,6852.11
MXP,PRG,645.67
PRG,MXP,645.67
MXP,GVA,213.51
GVA,MXP,213.51
MXP,CUN,8770.52
CUN,MXP,8770.52
MXP,DOH,4422.76
DOH,MXP,4422.76
MXP,GMP,8887.09
GMP,MXP,8887.09
MXP,BHO,6546.81
BHO,MXP,6546.81
MXP,IMF,7709.91
IMF,MXP,7709.91
MXP,IXC,5991.86
IXC,MXP,5991.86
MXP,DEL,6157.9
DEL,MXP,6157.9
MXP,LPQ,8699.15
LPQ,MXP,8699.15
MXP,PKZ,9345.3
PKZ,MXP,9345.3
MXP,BLR,7334.01
BLR,MXP,7334.01
FCO,JED,3361.97
JED,FCO,3361.97
FCO,DWC,4349.74
DWC,FCO,4349.74
FCO,KHI,5335.04
KHI,FCO,5335.04
FCO,KIX,9739.5
KIX,FCO,9739.5
FCO,ICN,8964.43
ICN,FCO,8964.43
FCO,BOM,6192.71
BOM,FCO,6192.71
FCO,NAG,6568.81
NAG,FCO,6568.81
FCO,RPR,6785.79
RPR,FCO,6785.79
FCO,VNS,6598.43
VNS,FCO,6598.43
FCO,IXR,6939.48
IXR,FCO,6939.48
FCO,IXC,5781.8
IXC,FCO,5781.8
FCO,HWR,5682.75
HWR,FCO,5682.75
FCO,CJB,7110.91
CJB,FCO,7110.91
FCO,COK,7123.18
COK,FCO,7123.18
FCO,SIN,10051.8
SIN,FCO,10051.8
PRG,OPO,2024.37
OPO,PRG,2024.37
PRG,CUN,8984.8
CUN,PRG,8984.8
PRG,BEY,2504.2
BEY,PRG,2504.2
PRG,HND,9094.75
HND,PRG,9094.75
PRG,PUS,8574.09
PUS,PRG,8574.09
PRG,BOM,6169.53
BOM,PRG,6169.53
PRG,VNS,6365.68
VNS,PRG,6365.68
PRG,BBI,6991.27
BBI,PRG,6991.27
PRG,CCU,6985.27
CCU,PRG,6985.27
PRG,PAT,6513.37
PAT,PRG,6513.37
PRG,IXR,6709.83
IXR,PRG,6709.83
PRG,VTZ,7013.6
VTZ,PRG,7013.6
PRG,ATQ,5315.84
ATQ,PRG,5315.84
PRG,LPQ,8178.19
LPQ,PRG,8178.19
PRG,CJB,7142.31
CJB,PRG,7142.31
PRG,CNN,6962.61
CNN,PRG,6962.61
PRG,IXZ,8197.01
IXZ,PRG,8197.01
PRG,TIR,7094.32
TIR,PRG,7094.32
PRG,TRV,7354.28
TRV,PRG,7354.28
VIE,AMM,2448.55
AMM,VIE,2448.55
VIE,DXB,4223.59
DXB,VIE,4223.59
VIE,ICN,8248.25
ICN,VIE,8248.25
VIE,HSR,5564.42
HSR,VIE,5564.42
VIE,RML,7481.79
RML,VIE,7481.79
VIE,IXB,6515.98
IXB,VIE,6515.98
VIE,GAY,6411.01
GAY,VIE,6411.01
VIE,HKG,8700.95
HKG,VIE,8700.95
VIE,DEL,5546.21
DEL,VIE,5546.21
VIE,CCJ,6836.68
CCJ,VIE,6836.68
VIE,GOX,6302.89
GOX,VIE,6302.89
VIE,TRZ,7066.04
TRZ,VIE,7066.04
OPO,ZRH,1529.51
ZRH,OPO,1529.51
OPO,MED,4811.35
MED,OPO,4811.35
OPO,RUH,5368.71
RUH,OPO,5368.71
OPO,KWI,5220.78
KWI,OPO,5220.78
OPO,DOH,5759.52
DOH,OPO,5759.52
OPO,HSR,7557.97
HSR,OPO,7557.97
OPO,RPR,8508.84
RPR,OPO,8508.84
OPO,GAY,8511.24
GAY,OPO,8511.24
OPO,HSS,7487.53
HSS,OPO,7487.53
LIS,ZRH,1723.08
ZRH,LIS,1723.08
LIS,PEW,6996.68
PEW,LIS,6996.68
LIS,DOH,5812.36
DOH,LIS,5812.36
LIS,GMP,10403.94
GMP,LIS,10403.94
LIS,PNQ,8140.13
PNQ,LIS,8140.13
LIS,IXB,8784.73
IXB,LIS,8784.73
LIS,VTZ,8983.45
VTZ,LIS,8983.45
LIS,HWR,7514.83
HWR,LIS,7514.83
LIS,SXR,7255.15
SXR,LIS,7255.15
LIS,GOX,8322.33
GOX,LIS,8322.33
LIS,IXE,8597.46
IXE,LIS,8597.46
LIS,IXZ,10202.57
IXZ,LIS,10202.57
GVA,KIX,9700.12
KIX,GVA,9700.12
GVA,BOM,6714.93
BOM,GVA,6714.93
GVA,BBI,7620.65
BBI,GVA,7620.65
GVA,CCU,7638.96
CCU,GVA,7638.96
GVA,HSS,6202.6
HSS,GVA,6202.6
GVA,CNN,7476.97
CNN,GVA,7476.97
GVA,MAA,7746.94
MAA,GVA,7746.94
GVA,TRZ,7811.09
TRZ,GVA,7811.09
GVA,PER,13960.89
PER,GVA,13960.89
ZRH,RUH,4174.2
RUH,ZRH,4174.2
ZRH,DWC,4780.52
DWC,ZRH,4780.52
ZRH,ISB,5484.87
ISB,ZRH,5484.87
ZRH,NRT,9595.0
NRT,ZRH,9595.0
ZRH,HND,9588.4
HND,ZRH,9588.4
ZRH,AMD,6215.87
AMD,ZRH,6215.87
ZRH,PKZ,9304.06
PKZ,ZRH,9304.06
ZRH,COK,7518.94
COK,ZRH,7518.94
ZRH,CNN,7311.49
CNN,ZRH,7311.49
ZRH,IXZ,8621.79
IXZ,ZRH,8621.79
MEX,KBL,13883.84
KBL,MEX,13883.84
MEX,MED,13394.0
MED,MEX,13394.0
MEX,DXB,14329.34
DXB,MEX,14329.34
MEX,MNL,14228.14
MNL,MEX,14228.14
MEX,BOM,15642.05
BOM,MEX,15642.05
MEX,BHO,15248.51
BHO,MEX,15248.51
MEX,IDR,15294.45
IDR,MEX,15294.45
MEX,PNQ,15719.04
PNQ,MEX,15719.04
MEX,RML,17093.15
RML,MEX,17093.15
MEX,IMF,14904.25
IMF,MEX,14904.25
MEX,GOX,16027.58
GOX,MEX,16027.58
MEX,GOI,16066.68
GOI,MEX,16066.68
CUN,AMM,11565.12
AMM,CUN,11565.12
CUN,DXB,13448.81
DXB,CUN,13448.81
CUN,MCT,13780.6
MCT,CUN,13780.6
CUN,LHE,13839.04
LHE,CUN,13839.04
CUN,GMP,12608.09
GMP,CUN,12608.09
CUN,HSR,14625.4
HSR,CUN,14625.4
CUN,RPR,15160.07
RPR,CUN,15160.07
CUN,GAY,14847.88
GAY,CUN,14847.88
CUN,IMF,14921.59
IMF,CUN,14921.59
CUN,DED,14098.44
DED,CUN,14098.44
CUN,DEL,14238.0
DEL,CUN,14238.0
CUN,PKZ,15762.11
PKZ,CUN,15762.11
CUN,GOX,15416.13
GOX,CUN,15416.13
PTY,MCT,14153.92
MCT,PTY,14153.92
PTY,NRT,13518.93
NRT,PTY,13518.93
PTY,KIX,13958.13
KIX,PTY,13958.13
PTY,HSR,15259.48
HSR,PTY,15259.48
PTY,IMF,16183.29
IMF,PTY,16183.29
PTY,IXC,14916.49
IXC,PTY,14916.49
PTY,JAI,15209.8
JAI,PTY,15209.8
PTY,IXE,16263.73
IXE,PTY,16263.73
PTY,IXZ,17552.5
IXZ,PTY,17552.5
PTY,TIR,16582.25
TIR,PTY,16582.25
KBL,AUH,1800.29
AUH,KBL,1800.29
KBL,LHE,590.39
LHE,KBL,590.39
KBL,DOH,1981.91
DOH,KBL,1981.91
KBL,HND,6276.77
HND,KBL,6276.77
KBL,BOM,1758.39
BOM,KBL,1758.39
KBL,SAG,1730.51
SAG,KBL,1730.51
KBL,STV,1535.04
STV,KBL,1535.04
KBL,IXB,2023.76
IXB,KBL,2023.76
KBL,CCU,2290.95
CCU,KBL,2290.95
KBL,COK,2811.4
COK,KBL,2811.4
KBL,CNN,2598.65
CNN,KBL,2598.65
BAH,KWI,420.74
KWI,BAH,420.74
BAH,MNL,7369.47
MNL,BAH,7369.47
BAH,BOM,2412.24
BOM,BAH,2412.24
BAH,BDQ,2327.33
BDQ,BAH,2327.33
BAH,SAG,2533.06
SAG,BAH,2533.06
BAH,IXB,3737.91
IXB,BAH,3737.91
BAH,HKG,6365.21
HKG,BAH,6365.21
BAH,IXC,2596.51
IXC,BAH,2596.51
BAH,TIR,3320.39
TIR,BAH,3320.39
BAH,BKK,5385.84
BKK,BAH,5385.84
BAH,SIN,6331.68
SIN,BAH,6331.68
BAH,SYD,12512.98
SYD,BAH,12512.98
JED,RUH,851.71
RUH,JED,851.71
JED,DWC,1672.18
DWC,JED,1672.18
JED,PUS,8622.11
PUS,JED,8622.11
JED,STV,3470.87
STV,JED,3470.87
JED,RML,4670.63
RML,JED,4670.63
JED,BBI,4828.85
BBI,JED,4828.85
JED,PAT,4676.37
PAT,JED,4676.37
JED,DEL,3878.78
DEL,JED,3878.78
JED,JAI,3746.94
JAI,JED,3746.94
JED,VGA,4400.48
VGA,JED,4400.48
JED,CNN,4011.49
CNN,JED,4011.49
MED,PEW,3243.38
PEW,MED,3243.38
MED,KIX,8967.55
KIX,MED,8967.55
MED,ICN,8107.94
ICN,MED,8107.94
MED,RPR,4306.74
RPR,MED,4306.74
MED,DED,3832.09
DED,MED,3832.09
MED,HWR,3589.1
HWR,MED,3589.1
MED,SYD,13404.2
SYD,MED,13404.2
RUH,KWI,490.84
KWI,RUH,490.84
RUH,BEY,1464.73
BEY,RUH,1464.73
RUH,MCT,1183.69
MCT,RUH,1183.69
RUH,KHI,2061.27
KHI,RUH,2061.27
RUH,RML,4062.58
RML,RUH,4062.58
RUH,IXA,4490.7
IXA,RUH,4490.7
RUH,PAT,3847.02
PAT,RUH,3847.02
RUH,IXZ,5052.87
IXZ,RUH,5052.87
RUH,TRZ,3724.03
TRZ,RUH,3724.03
AMM,AUH,1997.6
AUH,AMM,1997.6
AMM,DXB,2022.29
DXB,AMM,2022.29
AMM,TPE,8154.35
TPE,AMM,8154.35
AMM,AMD,3723.75
AMD,AMM,3723.75
AMM,PNQ,4062.08
PNQ,AMM,4062.08
AMM,COK,4791.91
COK,AMM,4791.91
AMM,GOI,4234.39
GOI,AMM,4234.39
AMM,TIR,4858.12
TIR,AMM,4858.12
AMM,PER,10982.94
PER,AMM,10982.94
AMM,SYD,14058.68
SYD,AMM,14058.68
KWI,AUH,849.47
AUH,KWI,849.47
KWI,NRT,8361.55
NRT,KWI,8361.55
KWI,RPR,3499.87
RPR,KWI,3499.87
KWI,VNS,3459.38
VNS,KWI,3459.38
KWI,BBI,3931.62
BBI,KWI,3931.62
KWI,HSS,2689.11
HSS,KWI,2689.11
KWI,BLR,3543.8
BLR,KWI,3543.8
KWI,CCJ,3529.24
CCJ,KWI,3529.24
KWI,GOI,3062.63
GOI,KWI,3062.63
KWI,HYD,3372.57
HYD,KWI,3372.57
KWI,MAA,3777.23
MAA,KWI,3777.23
BEY,AUH,2128.13
AUH,BEY,2128.13
BEY,KHI,3210.56
KHI,BEY,3210.56
BEY,DOH,1822.69
DOH,BEY,1822.69
BEY,TPE,8121.51
TPE,BEY,8121.51
BEY,BDQ,3890.99
BDQ,BEY,3890.99
BEY,HSR,3689.81
HSR,BEY,3689.81
BEY,IDR,4107.03
IDR,BEY,4107.03
BEY,RML,5453.25
RML,BEY,5453.25
BEY,CCU,5276.4
CCU,BEY,5276.4
BEY,ATQ,3660.88
ATQ,BEY,3660.88
BEY,IXC,3874.05
IXC,BEY,3874.05
BEY,COK,4922.25
COK,BEY,4922.25
BEY,MAA,5061.2
MAA,BEY,5061.2
BEY,TIR,4964.51
TIR,BEY,4964.51
AUH,ISB,2032.72
ISB,AUH,2032.72
AUH,GMP,6864.77
GMP,AUH,6864.77
AUH,AMD,1835.37
AMD,AUH,1835.37
AUH,BHO,2308.13
BHO,AUH,2308.13
AUH,HSR,1687.09
HSR,AUH,1687.09
AUH,STV,1890.01
STV,AUH,1890.01
AUH,GAY,3057.64
GAY,AUH,3057.64
AUH,VTZ,3051.38
VTZ,AUH,3051.38
AUH,HWR,2179.1
HWR,AUH,2179.1
AUH,COK,2795.72
COK,AUH,2795.72
AUH,MAA,2966.43
MAA,AUH,2966.43
AUH,TIR,2872.37
TIR,AUH,2872.37
AUH,TRZ,2961.66
TRZ,AUH,2961.66
AUH,SIN,5886.21
SIN,AUH,5886.21
AUH,MEL,11651.79
MEL,AUH,11651.79
DXB,MCT,347.4
MCT,DXB,347.4
DXB,NRT,7978.88
NRT,DXB,7978.88
DXB,ATQ,2026.3
ATQ,DXB,2026.3
DXB,BLR,2694.41
BLR,DXB,2694.41
DWC,TPE,6585.55
TPE,DWC,6585.55
DWC,PUS,7036.02
PUS,DWC,7036.02
DWC,SAG,2057.32
SAG,DWC,2057.32
DWC,IXB,3317.32
IXB,DWC,3317.32
DWC,IMF,3895.37
IMF,DWC,3895.37
DWC,JAI,2075.01
JAI,DWC,2075.01
DWC,TRV,2941.01
TRV,DWC,2941.01
DWC,BKK,4919.71
BKK,DWC,4919.71
MCT,PEW,1728.32
PEW,MCT,1728.32
MCT,BOM,1590.37
BOM,MCT,1590.37
MCT,BHO,1942.5
BHO,MCT,1942.5
MCT,PNQ,1713.97
PNQ,MCT,1713.97
MCT,CCU,3080.49
CCU,MCT,3080.49
MCT,HWR,1887.85
HWR,MCT,1887.85
MCT,TIR,2494.41
TIR,MCT,2494.41
MCT,BKK,4589.73
BKK,MCT,4589.73
ISB,NRT,6056.85
NRT,ISB,6056.85
ISB,ICN,4808.11
ICN,ISB,4808.11
ISB,AMD,1164.56
AMD,ISB,1164.56
ISB,BDQ,1247.42
BDQ,ISB,1247.42
ISB,IDR,1238.61
IDR,ISB,1238.61
ISB,RPR,1631.1
RPR,ISB,1631.1
ISB,PAT,1477.7
PAT,ISB,1477.7
ISB,HSS,558.49
HSS,ISB,558.49
ISB,SXR,186.58
SXR,ISB,186.58
ISB,BKK,3580.22
BKK,ISB,3580.22
KHI,DOH,1565.87
DOH,KHI,1565.87
KHI,NRT,6972.83
NRT,KHI,6972.83
KHI,BOM,874.2
BOM,KHI,874.2
KHI,HSR,484.81
HSR,KHI,484.81
KHI,PAT,1803.21
PAT,KHI,1803.21
KHI,HSS,973.5
HSS,KHI,973.5
KHI,LPQ,3631.4
LPQ,KHI,3631.4
KHI,PKZ,4162.83
PKZ,KHI,4162.83
KHI,VGA,1695.55
VGA,KHI,1695.55
KHI,COK,1909.13
COK,KHI,1909.13
KHI,TRZ,1989.83
TRZ,KHI,1989.83
KHI,BKK,3726.64
BKK,KHI,3726.64
LHE,IXA,1859.13
IXA,LHE,1859.13
LHE,VTZ,1772.87
VTZ,LHE,1772.87
LHE,IXC,245.87
IXC,LHE,245.87
LHE,IXZ,2901.76
IXZ,LHE,2901.76
LHE,PER,8301.06
PER,LHE,8301.06
PEW,BHO,1318.46
BHO,PEW,1318.46
PEW,RPR,1742.71
RPR,PEW,1742.71
PEW,BBI,2078.16
BBI,PEW,2078.16
PEW,CCU,2077.43
CCU,PEW,2077.43
PEW,PAT,1606.38
PAT,PEW,1606.38
PEW,IXR,1792.56
IXR,PEW,1792.56
PEW,JAI,897.2
JAI,PEW,897.2
PEW,TIR,2404.47
TIR,PEW,2404.47
DOH,TPE,6918.29
TPE,DOH,6918.29
DOH,HND,8255.15
HND,DOH,8255.15
DOH,ISK,2355.55
ISK,DOH,2355.55
DOH,IXB,3661.35
IXB,DOH,3661.35
DOH,VNS,3133.12
VNS,DOH,3133.12
DOH,BBI,3541.91
BBI,DOH,3541.91
DOH,CCU,3743.1
CCU,DOH,3743.1
DOH,IMF,4243.42
IMF,DOH,4243.42
DOH,IXR,3414.93
IXR,DOH,3414.93
DOH,IXC,2538.71
IXC,DOH,2538.71
DOH,COK,3108.27
COK,DOH,3108.27
DOH,MEL,11957.0
MEL,DOH,11957.0
TPE,KIX,1702.93
KIX,TPE,1702.93
TPE,GMP,1484.01
GMP,TPE,1484.01
TPE,AMD,4912.21
AMD,TPE,4912.21
TPE,IDR,4604.71
IDR,TPE,4604.71
TPE,IXR,3637.06
IXR,TPE,3637.06
TPE,HKG,805.93
HKG,TPE,805.93
TPE,IXC,4384.61
IXC,TPE,4384.61
TPE,JAI,4521.23
JAI,TPE,4521.23
TPE,LPQ,2039.25
LPQ,TPE,2039.25
TPE,CJB,4899.91
CJB,TPE,4899.91
TPE,CNN,5008.37
CNN,TPE,5008.37
TPE,IXE,5028.72
IXE,TPE,5028.72
TPE,BKK,2489.4
BKK,TPE,2489.4
NRT,PUS,1038.39
PUS,NRT,1038.39
NRT,ICN,1256.99
ICN,NRT,1256.99
NRT,MNL,3051.27
MNL,NRT,3051.27
NRT,HSR,6765.9
HSR,NRT,6765.9
NRT,CCU,5184.74
CCU,NRT,5184.74
NRT,MEL,8178.94
MEL,NRT,8178.94
KIX,IDR,5866.54
IDR,KIX,5866.54
KIX,NAG,5652.18
NAG,KIX,5652.18
KIX,ISK,6174.16
ISK,KIX,6174.16
KIX,RPR,5400.74
RPR,KIX,5400.74
KIX,LKO,5210.73
LKO,KIX,5210.73
KIX,BLR,6219.81
BLR,KIX,6219.81
KIX,TIR,6027.01
TIR,KIX,6027.01
HND,PUS,984.12
PUS,HND,984.12
HND,GMP,1181.1
GMP,HND,1181.1
HND,AMD,6534.53
AMD,HND,6534.53
HND,BHO,6100.6
BHO,HND,6100.6
HND,RPR,5815.32
RPR,HND,5815.32
HND,HKG,2902.8
HKG,HND,2902.8
HND,HSS,5952.3
HSS,HND,5952.3
HND,BLR,6644.9
BLR,HND,6644.9
HND,VGA,6164.0
VGA,HND,6164.0
HND,GOX,6838.25
GOX,HND,6838.25
HND,GOI,6862.41
GOI,HND,6862.41
PUS,RML,5905.33
RML,PUS,5905.33
PUS,BBI,4516.03
BBI,PUS,4516.03
PUS,CJB,5865.43
CJB,PUS,5865.43
PUS,MAA,5462.24
MAA,PUS,5462.24
PUS,TRZ,5735.9
TRZ,PUS,5735.9
ICN,MNL,2608.85
MNL,ICN,2608.85
ICN,AMD,5333.99
AMD,ICN,5333.99
ICN,BOM,5547.91
BOM,ICN,5547.91
ICN,NAG,4885.45
NAG,ICN,4885.45
ICN,PNQ,5486.92
PNQ,ICN,5486.92
ICN,SAG,5379.22
SAG,ICN,5379.22
ICN,STV,5437.29
STV,ICN,5437.29
ICN,GAU,3504.78
GAU,ICN,3504.78
ICN,LKO,4407.62
LKO,ICN,4407.62
ICN,VGA,5022.7
VGA,ICN,5022.7
GMP,MNL,2625.58
MNL,GMP,2625.58
GMP,BHO,4938.31
BHO,GMP,4938.31
GMP,IDR,5105.67
IDR,GMP,5105.67
GMP,NAG,4916.54
NAG,GMP,4916.54
GMP,PNQ,5517.93
PNQ,GMP,5517.93
GMP,IXC,4612.13
IXC,GMP,4612.13
GMP,DEL,4683.17
DEL,GMP,4683.17
GMP,CNN,5816.47
CNN,GMP,5816.47
MNL,IDR,4833.28
IDR,MNL,4833.28
MNL,SXR,5110.34
SXR,MNL,5110.34
MNL,PKZ,1639.39
PKZ,MNL,1639.39
MNL,BLR,4671.58
BLR,MNL,4671.58
MNL,CJB,4777.81
CJB,MNL,4777.81
MNL,TIR,4468.94
TIR,MNL,4468.94
AMD,BDQ,102.33
BDQ,AMD,102.33
AMD,IXR,1296.55
IXR,AMD,1296.55
AMD,GOI,865.07
GOI,AMD,865.07
BOM,BDQ,363.02
BDQ,BOM,363.02
BOM,VTZ,1103.34
VTZ,BOM,1103.34
BOM,VGA,886.98
VGA,BOM,886.98
BOM,PER,7298.32
PER,BOM,7298.32
BDQ,PNQ,423.64
PNQ,BDQ,423.64
BDQ,BBI,1324.22
BBI,BDQ,1324.22
BDQ,GAY,1224.42
GAY,BDQ,1224.42
BDQ,PAT,1257.86
PAT,BDQ,1257.86
BDQ,IXR,1244.02
IXR,BDQ,1244.02
BDQ,VTZ,1163.45
VTZ,BDQ,1163.45
BDQ,DED,1002.74
DED,BDQ,1002.74
BDQ,BLR,1121.13
BLR,BDQ,1121.13
BDQ,GOI,776.12
GOI,BDQ,776.12
BDQ,SYD,10339.23
SYD,BDQ,10339.23
BHO,NAG,300.95
NAG,BHO,300.95
BHO,VNS,609.11
VNS,BHO,609.11
BHO,PAT,825.19
PAT,BHO,825.19
BHO,CJB,1363.33
CJB,BHO,1363.33
BHO,CCJ,1359.1
CCJ,BHO,1359.1
BHO,HYD,682.98
HYD,BHO,682.98
BHO,IXZ,2080.69
IXZ,BHO,2080.69
BHO,TIR,1098.41
TIR,BHO,1098.41
HSR,ISK,389.62
ISK,HSR,389.62
HSR,SAG,457.34
SAG,HSR,457.34
HSR,GAU,2121.52
GAU,HSR,2121.52
HSR,HKG,4393.94
HKG,HSR,4393.94
HSR,COK,1474.67
COK,HSR,1474.67
HSR,GOI,831.81
GOI,HSR,831.81
IDR,SAG,368.17
SAG,IDR,368.17
IDR,CCU,1297.11
CCU,IDR,1297.11
IDR,PAT,994.54
PAT,IDR,994.54
IDR,DED,863.34
DED,IDR,863.34
IDR,SXR,1256.68
SXR,IDR,1256.68
IDR,PKZ,3257.44
PKZ,IDR,3257.44
IDR,CNN,1201.77
CNN,IDR,1201.77
IDR,MAA,1176.44
MAA,IDR,1176.44
NAG,DEL,852.9
DEL,NAG,852.9
NAG,HSS,959.38
HSS,NAG,959.38
NAG,PKZ,2897.77
PKZ,NAG,2897.77
NAG,CCJ,1155.16
CCJ,NAG,1155.16
NAG,GOX,807.91
GOX,NAG,807.91
NAG,SIN,3483.6
SIN,NAG,3483.6
NAG,MEL,9478.69
MEL,NAG,9478.69
NAG,PER,7086.47
PER,NAG,7086.47
ISK,IXB,1640.45
IXB,ISK,1640.45
ISK,GAY,1245.0
GAY,ISK,1245.0
ISK,PAT,1295.86
PAT,ISK,1295.86
ISK,JAI,770.28
JAI,ISK,770.28
ISK,PKZ,3416.84
PKZ,ISK,3416.84
ISK,BLR,869.1
BLR,ISK,869.1
ISK,CCJ,1022.48
CCJ,ISK,1022.48
ISK,GOX,486.49
GOX,ISK,486.49
ISK,GOI,527.02
GOI,ISK,527.02
ISK,IXE,803.37
IXE,ISK,803.37
ISK,TRZ,1160.53
TRZ,ISK,1160.53
PNQ,STV,307.4
STV,PNQ,307.4
PNQ,IXB,1729.36
IXB,PNQ,1729.36
PNQ,JAI,936.76
JAI,PNQ,936.76
PNQ,LKO,1156.28
LKO,PNQ,1156.28
PNQ,BLR,722.69
BLR,PNQ,722.69
PNQ,GOX,315.62
GOX,PNQ,315.62
RPR,BBI,436.32
BBI,RPR,436.32
RPR,GAU,1142.2
GAU,RPR,1142.2
RPR,CJB,1234.78
CJB,RPR,1234.78
RPR,MAA,925.85
MAA,RPR,925.85
SAG,IXA,1801.58
IXA,SAG,1801.58
SAG,GAY,1224.71
GAY,SAG,1224.71
SAG,PAT,1279.69
PAT,SAG,1279.69
SAG,HSS,1065.01
HSS,SAG,1065.01
SAG,PKZ,3365.55
PKZ,SAG,3365.55
STV,IXB,1699.33
IXB,STV,1699.33
STV,IMF,2201.34
IMF,STV,2201.34
STV,IXR,1317.24
IXR,STV,1317.24
STV,VGA,989.57
VGA,STV,989.57
STV,GOX,608.77
GOX,STV,608.77
STV,TRZ,1315.98
TRZ,STV,1315.98
RML,BBI,1624.34
BBI,RML,1624.34
RML,HSS,2524.5
HSS,RML,2524.5
RML,LKO,2219.65
LKO,RML,2219.65
RML,CJB,562.51
CJB,RML,562.51
RML,GOI,1157.96
GOI,RML,1157.96
RML,IXZ,1507.51
IXZ,RML,1507.51
IXA,IXB,426.86
IXB,IXA,426.86
IXA,BBI,689.83
BBI,IXA,689.83
IXA,HKG,2323.28
HKG,IXA,2323.28
IXA,VGA,1361.01
VGA,IXA,1361.01
IXA,CJB,2073.21
CJB,IXA,2073.21
IXA,GOI,2051.07
GOI,IXA,2051.07
IXA,IXE,2107.16
IXE,IXA,2107.16
IXA,TIR,1676.88
TIR,IXA,1676.88
IXA,TRV,2292.2
TRV,IXA,2292.2
IXA,SIN,2857.64
SIN,IXA,2857.64
IXA,PER,6741.01
PER,IXA,6741.01
IXB,VTZ,1125.62
VTZ,IXB,1125.62
IXB,HWR,1317.37
HWR,IXB,1317.37
IXB,CCJ,2160.39
CCJ,IXB,2160.39
IXB,IXE,2071.87
IXE,IXB,2071.87
IXB,TIR,1715.15
TIR,IXB,1715.15
VNS,PAT,223.84
PAT,VNS,223.84
VNS,IXR,344.28
IXR,VNS,344.28
VNS,VTZ,860.22
VTZ,VNS,860.22
VNS,HKG,3169.4
HKG,VNS,3169.4
VNS,LKO,244.92
LKO,VNS,244.92
VNS,PKZ,2645.35
PKZ,VNS,2645.35
VNS,CNN,1689.88
CNN,VNS,1689.88
VNS,IXE,1621.31
IXE,VNS,1621.31
VNS,TIR,1359.46
TIR,VNS,1359.46
VNS,TRZ,1690.68
TRZ,VNS,1690.68
VNS,TRV,1989.09
TRV,VNS,1989.09
VNS,BKK,2281.24
BKK,VNS,2281.24
BBI,IXC,1469.75
IXC,BBI,1469.75
BBI,BLR,1165.92
BLR,BBI,1165.92
CCU,GAU,498.31
GAU,CCU,498.31
CCU,IXC,1460.37
IXC,CCU,1460.37
CCU,DED,1320.96
DED,CCU,1320.96
CCU,SXR,1834.83
SXR,CCU,1834.83
CCU,PKZ,2003.72
PKZ,CCU,2003.72
CCU,VGA,1050.6
VGA,CCU,1050.6
CCU,MAA,1385.71
MAA,CCU,1385.71
CCU,IXZ,1306.12
IXZ,CCU,1306.12
CCU,SYD,9140.36
SYD,CCU,9140.36
GAU,LPQ,1283.13
LPQ,GAU,1283.13
GAY,SXR,1422.74
SXR,GAY,1422.74
GAY,COK,1857.39
COK,GAY,1857.39
GAY,HYD,1074.83
HYD,GAY,1074.83
GAY,SYD,9561.31
SYD,GAY,9561.31
IMF,IXR,885.35
IXR,IMF,885.35
IMF,VTZ,1353.56
VTZ,IMF,1353.56
IMF,SXR,2112.8
SXR,IMF,2112.8
IMF,PKZ,1637.9
PKZ,IMF,1637.9
IMF,VGA,1639.41
VGA,IMF,1639.41
IMF,GOI,2336.6
GOI,IMF,2336.6
IMF,CNN,2401.53
CNN,IMF,2401.53
IMF,TRV,2553.08
TRV,IMF,2553.08
IMF,BKK,1425.72
BKK,IMF,1425.72
IMF,SIN,2820.03
SIN,IMF,2820.03
IMF,MEL,8744.45
MEL,IMF,8744.45
PAT,VTZ,895.69
VTZ,PAT,895.69
PAT,HSS,1005.2
HSS,PAT,1005.2
PAT,BLR,1579.63
BLR,PAT,1579.63
PAT,IXE,1764.7
IXE,PAT,1764.7
PAT,TRZ,1779.94
TRZ,PAT,1779.94
PAT,BKK,2104.28
BKK,PAT,2104.28
IXR,ATQ,1394.48
ATQ,IXR,1394.48
IXR,IXC,1175.77
IXC,IXR,1175.77
IXR,LKO,588.33
LKO,IXR,588.33
IXR,SXR,1568.82
SXR,IXR,1568.82
IXR,CNN,1635.55
CNN,IXR,1635.55
IXR,TRV,1876.62
TRV,IXR,1876.62
IXR,SIN,3165.35
SIN,IXR,3165.35
IXR,SYD,9429.45
SYD,IXR,9429.45
VTZ,ATQ,1771.32
ATQ,VTZ,1771.32
VTZ,DED,1477.53
DED,VTZ,1477.53
VTZ,LKO,1033.21
LKO,VTZ,1033.21
VTZ,COK,1118.41
COK,VTZ,1118.41
VTZ,IXZ,1225.03
IXZ,VTZ,1225.03
VTZ,MEL,8903.37
MEL,VTZ,8903.37
HKG,DED,3654.04
DED,HKG,3654.04
HKG,CJB,4109.78
CJB,HKG,4109.78
HKG,CCJ,4215.11
CCJ,HKG,4215.11
HKG,GOI,4275.09
GOI,HKG,4275.09
HKG,TRZ,3953.17
TRZ,HKG,3953.17
ATQ,DEL,414.49
DEL,ATQ,414.49
ATQ,HWR,132.99
HWR,ATQ,132.99
ATQ,COK,2402.88
COK,ATQ,2402.88
ATQ,IXZ,2890.94
IXZ,ATQ,2890.94
IXC,SXR,414.19
SXR,IXC,414.19
IXC,LPQ,2809.35
LPQ,IXC,2809.35
DED,COK,2235.73
COK,DED,2235.73
DED,GOX,1665.4
GOX,DED,1665.4
DEL,PKZ,3302.5
PKZ,DEL,3302.5
DEL,BLR,1708.87
BLR,DEL,1708.87
DEL,TIR,1678.55
TIR,DEL,1678.55
DEL,PER,7882.33
PER,DEL,7882.33
HSS,SXR,541.65
SXR,HSS,541.65
HSS,LPQ,2856.87
LPQ,HSS,2856.87
HSS,GOX,1507.02
GOX,HSS,1507.02
HSS,HYD,1357.25
HYD,HSS,1357.25
HSS,MAA,1858.03
MAA,HSS,1858.03
HSS,TIR,1773.28
TIR,HSS,1773.28
HSS,BKK,3097.84
BKK,HSS,3097.84
HSS,MEL,10335.49
MEL,HSS,10335.49
HSS,PER,8015.05
PER,HSS,8015.05
HWR,GOX,1678.07
GOX,HWR,1678.07
HWR,MAA,2028.81
MAA,HWR,2028.81
HWR,SYD,10694.15
SYD,HWR,10694.15
JAI,BLR,1527.96
BLR,JAI,1527.96
JAI,IXZ,2444.85
IXZ,JAI,2444.85
LKO,IXZ,2087.99
IXZ,LKO,2087.99
LKO,TIR,1466.57
TIR,LKO,1466.57
SXR,GOX,2030.58
GOX,SXR,2030.58
SXR,GOI,2071.16
GOI,SXR,2071.16
SXR,TIR,2313.87
TIR,SXR,2313.87
LPQ,CJB,2863.0
CJB,LPQ,2863.0
LPQ,CCJ,2967.9
CCJ,LPQ,2967.9
LPQ,IXE,3006.09
IXE,LPQ,3006.09
LPQ,MAA,2465.91
MAA,LPQ,2465.91
LPQ,TRV,2997.31
TRV,LPQ,2997.31
LPQ,SYD,7922.11
SYD,LPQ,7922.11
PKZ,GOI,3424.03
GOI,PKZ,3424.03
PKZ,IXZ,1463.83
IXZ,PKZ,1463.83
PKZ,MEL,7149.07
MEL,PKZ,7149.07
BLR,CCJ,297.98
CCJ,BLR,297.98
BLR,MAA,267.75
MAA,BLR,267.75
BLR,TIR,204.11
TIR,BLR,204.11
VGA,COK,854.33
COK,VGA,854.33
VGA,GOX,746.83
GOX,VGA,746.83
VGA,MAA,399.52
MAA,VGA,399.52
VGA,TIR,349.69
TIR,VGA,349.69
VGA,TRZ,679.74
TRZ,VGA,679.74
VGA,BKK,2163.15
BKK,VGA,2163.15
VGA,MEL,8994.25
MEL,VGA,8994.25
CJB,COK,120.35
COK,CJB,120.35
CJB,SIN,3163.99
SIN,CJB,3163.99
CJB,SYD,9268.3
SYD,CJB,9268.3
COK,HYD,817.19
HYD,COK,817.19
COK,SYD,9266.78
SYD,COK,9266.78
CCJ,HYD,728.33
HYD,CCJ,728.33
CCJ,TIR,478.1
TIR,CCJ,478.1
GOX,HYD,514.45
HYD,GOX,514.45
GOX,SIN,3670.56
SIN,GOX,3670.56
GOI,IXE,292.62
IXE,GOI,292.62
GOI,TRZ,737.08
TRZ,GOI,737.08
HYD,MAA,507.21
MAA,HYD,507.21
HYD,TIR,417.53
TIR,HYD,417.53
CNN,BKK,2738.52
BKK,CNN,2738.52
CNN,SIN,3349.9
SIN,CNN,3349.9
IXE,SYD,9584.07
SYD,IXE,9584.07
MAA,PER,6283.88
PER,MAA,6283.88
IXZ,TIR,1447.85
TIR,IXZ,1447.85
IXZ,TRV,1765.71
TRV,IXZ,1765.71
TIR,TRV,640.02
TRV,TIR,640.02
TIR,BKK,2290.73
BKK,TIR,2290.73
TRZ,SIN,2981.16
SIN,TRZ,2981.16
MEL,PER,2700.27
PER,MEL,2700.27
PER,SYD,3277.19
SYD,PER,3277.19
